Filename,ProductName,Version
Quicken_Deluxe_2014.exe,Quicken 2014                                                ,4.1.100.1332
CryoTracker.exe,CryoTracker,1.0.0.0
unins000.exe,,51.1052.0.0
ARPPRODUCTICON.exe,InstallShield,23.0.0.511
ARPPRODUCTICON.exe,InstallShield,23.0.0.511
ARPPRODUCTICON.exe,InstallShield,23.0.0.511
ARPPRODUCTICON.exe,InstallShield,23.0.0.511
ARPPRODUCTICON.exe,InstallShield,23.0.0.511
ARPPRODUCTICON.exe,InstallShield,23.0.0.511
AMD_Chipset_Drivers.exe,AMD_Chipset_Drivers,1.11.22.454
devcon.exe,Microsoft® Windows® Operating System,10.0.16190.1000
AMD_Chipset_Drivers.exe,AMD_Chipset_Drivers,1.11.22.454
devcon.exe,Microsoft® Windows® Operating System,10.0.16190.1000
devcon.exe,Microsoft® Windows® Operating System,10.0.16190.1000
dpinst.exe,Driver Package Installer (DPInst),2.1.0.0
dpinst64.exe,Driver Package Installer (DPInst),2.1.0.0
dpinst.exe,Driver Package Installer (DPInst),2.1.0.0
dpinst64.exe,Driver Package Installer (DPInst),2.1.0.0
dpinst.exe,Driver Package Installer (DPInst),2.1.0.0
dpinst64.exe,Driver Package Installer (DPInst),2.1.0.0
dpinst.exe,Driver Package Installer (DPInst),2.1.0.0
dpinst64.exe,Driver Package Installer (DPInst),2.1.0.0
dpinst.exe,Driver Package Installer (DPInst),2.1.0.0
dpinst64.exe,Driver Package Installer (DPInst),2.1.0.0
dpinst.exe,Driver Package Installer (DPInst),2.1.0.0
dpinst64.exe,Driver Package Installer (DPInst),2.1.0.0
dpinst.exe,Driver Package Installer (DPInst),2.1.0.0
dpinst64.exe,Driver Package Installer (DPInst),2.1.0.0
dpinst.exe,Driver Package Installer (DPInst),2.1.0.0
dpinst64.exe,Driver Package Installer (DPInst),2.1.0.0
dpinst.exe,Driver Package Installer (DPInst),2.1.0.0
dpinst64.exe,Driver Package Installer (DPInst),2.1.0.0
dpinst.exe,Driver Package Installer (DPInst),2.1.0.0
dpinst64.exe,Driver Package Installer (DPInst),2.1.0.0
AMDPPMSettings.exe,AMD PPM Settings,5.0.0.0
dpinst.exe,Driver Package Installer (DPInst),2.1.0.0
dpinst64.exe,Driver Package Installer (DPInst),2.1.0.0
dpinst64.exe,Driver Package Installer (DPInst),2.1.0.0
dpinst64.exe,Driver Package Installer (DPInst),2.1.0.0
dpinst.exe,Driver Package Installer (DPInst),2.1.0.0
dpinst64.exe,Driver Package Installer (DPInst),2.1.0.0
dpinst.exe,Driver Package Installer (DPInst),2.1.0.0
dpinst64.exe,Driver Package Installer (DPInst),2.1.0.0
dpinst.exe,Driver Package Installer (DPInst),2.1.0.0
dpinst64.exe,Driver Package Installer (DPInst),2.1.0.0
dpinst64.exe,Driver Package Installer (DPInst),2.1.0.0
dpinst.exe,Driver Package Installer (DPInst),2.1.0.0
dpinst64.exe,Driver Package Installer (DPInst),2.1.0.0
dpinst.exe,Driver Package Installer (DPInst),2.1.0.0
dpinst64.exe,Driver Package Installer (DPInst),2.1.0.0
dpinst.exe,Driver Package Installer (DPInst),2.1.0.0
dpinst64.exe,Driver Package Installer (DPInst),2.1.0.0
dpinst.exe,Driver Package Installer (DPInst),2.1.0.0
dpinst64.exe,Driver Package Installer (DPInst),2.1.0.0
dpinst.exe,Driver Package Installer (DPInst),2.1.0.0
dpinst64.exe,Driver Package Installer (DPInst),2.1.0.0
dpinst.exe,Driver Package Installer (DPInst),2.1.0.0
dpinst64.exe,Driver Package Installer (DPInst),2.1.0.0
dpinst.exe,Driver Package Installer (DPInst),2.1.0.0
dpinst64.exe,Driver Package Installer (DPInst),2.1.0.0
dpinst.exe,Driver Package Installer (DPInst),2.1.0.0
dpinst64.exe,Driver Package Installer (DPInst),2.1.0.0
dpinst.exe,Driver Package Installer (DPInst),2.1.0.0
dpinst64.exe,Driver Package Installer (DPInst),2.1.0.0
dpinst.exe,Driver Package Installer (DPInst),2.1.0.0
dpinst64.exe,Driver Package Installer (DPInst),2.1.0.0
dpinst.exe,Driver Package Installer (DPInst),2.1.0.0
dpinst64.exe,Driver Package Installer (DPInst),2.1.0.0
dpinst.exe,Driver Package Installer (DPInst),2.1.0.0
dpinst64.exe,Driver Package Installer (DPInst),2.1.0.0
dpinst.exe,Driver Package Installer (DPInst),2.1.0.0
dpinst64.exe,Driver Package Installer (DPInst),2.1.0.0
dpinst.exe,Driver Package Installer (DPInst),2.1.0.0
dpinst64.exe,Driver Package Installer (DPInst),2.1.0.0
dpinst.exe,Driver Package Installer (DPInst),2.1.0.0
dpinst64.exe,Driver Package Installer (DPInst),2.1.0.0
dpinst.exe,Driver Package Installer (DPInst),2.1.0.0
dpinst64.exe,Driver Package Installer (DPInst),2.1.0.0
dpinst64.exe,Driver Package Installer (DPInst),2.1.0.0
dpinst64.exe,Driver Package Installer (DPInst),2.1.0.0
dpinst.exe,Driver Package Installer (DPInst),2.1.0.0
dpinst64.exe,Driver Package Installer (DPInst),2.1.0.0
dpinst.exe,Driver Package Installer (DPInst),2.1.0.0
dpinst64.exe,Driver Package Installer (DPInst),2.1.0.0
dpinst64.exe,Driver Package Installer (DPInst),2.1.0.0
dpinst.exe,Driver Package Installer (DPInst),2.1.0.0
dpinst64.exe,Driver Package Installer (DPInst),2.1.0.0
dpinst.exe,Driver Package Installer (DPInst),2.1.0.0
dpinst64.exe,Driver Package Installer (DPInst),2.1.0.0
dpinst.exe,Driver Package Installer (DPInst),2.1.0.0
dpinst64.exe,Driver Package Installer (DPInst),2.1.0.0
dpinst.exe,Driver Package Installer (DPInst),2.1.0.0
dpinst64.exe,Driver Package Installer (DPInst),2.1.0.0
AMDPPMSettings.exe,AMD PPM Settings,5.0.0.0
devcon.exe,Microsoft® Windows® Operating System,10.0.16190.1000
dpinst.exe,Driver Package Installer (DPInst),2.1.0.0
dpinst64.exe,Driver Package Installer (DPInst),2.1.0.0
dpinst.exe,Driver Package Installer (DPInst),2.1.0.0
dpinst64.exe,Driver Package Installer (DPInst),2.1.0.0
dpinst.exe,Driver Package Installer (DPInst),2.1.0.0
dpinst64.exe,Driver Package Installer (DPInst),2.1.0.0
dpinst.exe,Driver Package Installer (DPInst),2.1.0.0
dpinst64.exe,Driver Package Installer (DPInst),2.1.0.0
dpinst.exe,Driver Package Installer (DPInst),2.1.0.0
dpinst64.exe,Driver Package Installer (DPInst),2.1.0.0
dpinst.exe,Driver Package Installer (DPInst),2.1.0.0
dpinst64.exe,Driver Package Installer (DPInst),2.1.0.0
dpinst.exe,Driver Package Installer (DPInst),2.1.0.0
dpinst64.exe,Driver Package Installer (DPInst),2.1.0.0
dpinst.exe,Driver Package Installer (DPInst),2.1.0.0
dpinst64.exe,Driver Package Installer (DPInst),2.1.0.0
dpinst.exe,Driver Package Installer (DPInst),2.1.0.0
dpinst64.exe,Driver Package Installer (DPInst),2.1.0.0
dpinst.exe,Driver Package Installer (DPInst),2.1.0.0
dpinst64.exe,Driver Package Installer (DPInst),2.1.0.0
AMDPPMSettings.exe,AMD PPM Settings,5.0.0.0
dpinst.exe,Driver Package Installer (DPInst),2.1.0.0
dpinst64.exe,Driver Package Installer (DPInst),2.1.0.0
dpinst64.exe,Driver Package Installer (DPInst),2.1.0.0
dpinst64.exe,Driver Package Installer (DPInst),2.1.0.0
dpinst.exe,Driver Package Installer (DPInst),2.1.0.0
dpinst64.exe,Driver Package Installer (DPInst),2.1.0.0
dpinst.exe,Driver Package Installer (DPInst),2.1.0.0
dpinst64.exe,Driver Package Installer (DPInst),2.1.0.0
dpinst.exe,Driver Package Installer (DPInst),2.1.0.0
dpinst64.exe,Driver Package Installer (DPInst),2.1.0.0
dpinst64.exe,Driver Package Installer (DPInst),2.1.0.0
dpinst.exe,Driver Package Installer (DPInst),2.1.0.0
dpinst64.exe,Driver Package Installer (DPInst),2.1.0.0
dpinst.exe,Driver Package Installer (DPInst),2.1.0.0
dpinst64.exe,Driver Package Installer (DPInst),2.1.0.0
dpinst.exe,Driver Package Installer (DPInst),2.1.0.0
dpinst64.exe,Driver Package Installer (DPInst),2.1.0.0
dpinst.exe,Driver Package Installer (DPInst),2.1.0.0
dpinst64.exe,Driver Package Installer (DPInst),2.1.0.0
dpinst.exe,Driver Package Installer (DPInst),2.1.0.0
dpinst64.exe,Driver Package Installer (DPInst),2.1.0.0
dpinst.exe,Driver Package Installer (DPInst),2.1.0.0
dpinst64.exe,Driver Package Installer (DPInst),2.1.0.0
dpinst.exe,Driver Package Installer (DPInst),2.1.0.0
dpinst64.exe,Driver Package Installer (DPInst),2.1.0.0
dpinst.exe,Driver Package Installer (DPInst),2.1.0.0
dpinst64.exe,Driver Package Installer (DPInst),2.1.0.0
dpinst.exe,Driver Package Installer (DPInst),2.1.0.0
dpinst64.exe,Driver Package Installer (DPInst),2.1.0.0
dpinst.exe,Driver Package Installer (DPInst),2.1.0.0
dpinst64.exe,Driver Package Installer (DPInst),2.1.0.0
dpinst.exe,Driver Package Installer (DPInst),2.1.0.0
dpinst64.exe,Driver Package Installer (DPInst),2.1.0.0
dpinst.exe,Driver Package Installer (DPInst),2.1.0.0
dpinst64.exe,Driver Package Installer (DPInst),2.1.0.0
dpinst.exe,Driver Package Installer (DPInst),2.1.0.0
dpinst64.exe,Driver Package Installer (DPInst),2.1.0.0
dpinst.exe,Driver Package Installer (DPInst),2.1.0.0
dpinst64.exe,Driver Package Installer (DPInst),2.1.0.0
dpinst.exe,Driver Package Installer (DPInst),2.1.0.0
dpinst64.exe,Driver Package Installer (DPInst),2.1.0.0
dpinst.exe,Driver Package Installer (DPInst),2.1.0.0
dpinst64.exe,Driver Package Installer (DPInst),2.1.0.0
dpinst64.exe,Driver Package Installer (DPInst),2.1.0.0
dpinst64.exe,Driver Package Installer (DPInst),2.1.0.0
dpinst.exe,Driver Package Installer (DPInst),2.1.0.0
dpinst64.exe,Driver Package Installer (DPInst),2.1.0.0
dpinst.exe,Driver Package Installer (DPInst),2.1.0.0
dpinst64.exe,Driver Package Installer (DPInst),2.1.0.0
dpinst64.exe,Driver Package Installer (DPInst),2.1.0.0
dpinst.exe,Driver Package Installer (DPInst),2.1.0.0
dpinst64.exe,Driver Package Installer (DPInst),2.1.0.0
dpinst.exe,Driver Package Installer (DPInst),2.1.0.0
dpinst64.exe,Driver Package Installer (DPInst),2.1.0.0
dpinst.exe,Driver Package Installer (DPInst),2.1.0.0
dpinst64.exe,Driver Package Installer (DPInst),2.1.0.0
dpinst.exe,Driver Package Installer (DPInst),2.1.0.0
dpinst64.exe,Driver Package Installer (DPInst),2.1.0.0
AMDPPMSettings.exe,AMD PPM Settings,5.0.0.0
CodeSetup-stable-c47d83b293181d9be64f27ff093689e8e7aed054.exe,Visual Studio Code                                          ,1.42.1.0
python.exe,Python,3.8.150.1013
pythonw.exe,Python,3.8.150.1013
python.exe,Python,3.8.150.1013
pythonw.exe,Python,3.8.150.1013
Code.exe,Visual Studio Code,1.42.1.0
unins000.exe,,51.1052.0.0
CodeHelper.exe,CodeHelper,1.0.0.0
python-3.8.0.exe,Python 3.8.0 (32-bit),3.8.150.0
Dota2ArxApplet.exe,Logitech Gaming Framework,9.2.65.0
CS_GO_Arx_Applet.exe,Logitech Gaming Framework,9.2.65.0
AssettoCorsaArxApplet.exe,Logitech Gaming Framework,9.2.65.0
Update.exe,Update,1.9.1.0
clang-format.exe,clang,6.0.0.0
vsdbg.exe,Microsoft ® Visual Studio ®,16.0.20308.1
msvsmon.exe,Microsoft® Visual Studio®,15.0.28307.438
OpenDebugAD7.exe,Microsoft ® Visual Studio ®,16.5.10116.1
WindowsDebugLauncher.exe,Microsoft ® Visual Studio ®,16.5.10116.1
Microsoft.VSCode.CPP.Extension.exe,Microsoft.VSCode.CPP.Extension,0.26.3.4
Microsoft.VSCode.CPP.IntelliSense.Msvc.exe,Microsoft.VSCode.CPP.IntelliSense.Msvc,0.26.3.4
Microsoft.AspNetCore.Blazor.Build.exe,Microsoft ASP.NET Core,3.0.0.19307
vcredist_x86.exe,Microsoft Visual C++ 2013 Redistributable (x86) - 12.0.30501,12.0.30501.0
VC_redist.x86.exe,Microsoft Visual C++ 2015-2019 Redistributable (x86) - 14.24.28127,14.24.28127.4
WirelessSetup.exe,Intel® Software Installer,21.50.1.1
AacSetup.exe,ENE RGB HAL,1.0.9.0
AacSetup.exe,ENE_EHD_HAL,1.0.2.0
vcredist_x86.exe,Microsoft Visual C++ 2012 Redistributable (x86) - 11.0.61030,11.0.61030.0
VC_redist.x64.exe,Microsoft Visual C++ 2015-2019 Redistributable (x64) - 14.24.28127,14.24.28127.4
dotnet-sdk-2.1.801-win-x64.exe,Microsoft .NET Core SDK 2.1.801 (x64),2.1.801.0
winsdksetup.exe,Windows Software Development Kit - Windows 10.0.18362.1,10.1.18362.1
vcredist_x64.exe,Microsoft Visual C++ 2013 Redistributable (x64) - 12.0.30501,12.0.30501.0
ConfigSecurityPolicy.exe,Microsoft® Windows® Operating System,4.18.18362.1
MpCmdRun.exe,Microsoft® Windows® Operating System,4.18.1911.3
MsMpEng.exe,Microsoft® Windows® Operating System,4.18.1911.3
NisSrv.exe,Microsoft® Windows® Operating System,4.18.1911.3
ConfigSecurityPolicy.exe,Microsoft® Windows® Operating System,4.18.18362.1
MpCmdRun.exe,Microsoft® Windows® Operating System,4.18.1910.4
MsMpEng.exe,Microsoft® Windows® Operating System,4.18.1910.4
NisSrv.exe,Microsoft® Windows® Operating System,4.18.1910.4
vs_bootstrapper.exe,Microsoft Visual Studio Setup,16.3.29418.71
WinSdkInstaller.exe,Microsoft® Visual Studio®,16.0.29416.201
winsdksetup.exe,Windows Software Development Kit - Windows 10.0.18362.1,10.1.18362.1
VSInitializer.exe,Microsoft® Visual Studio®,16.0.29313.120
EnableGraphicsTools.exe,Microsoft® Visual Studio®,16.0.28315.86
VsJustInTimeDebuggerRegistrationHelper.exe,Microsoft® Windows® Operating System,16.0.28911.42
VC_redist.x86.exe,Microsoft Visual C++ 2015-2019 Redistributable (x86) - 14.24.28127,14.24.28127.4
VC_redist.x64.exe,Microsoft Visual C++ 2015-2019 Redistributable (x64) - 14.24.28127,14.24.28127.4
vcredist_x64.exe,Microsoft Visual C++ 2013 Redistributable (x64) - 12.0.30501,12.0.30501.0
vcredist_x86.exe,Microsoft Visual C++ 2013 Redistributable (x86) - 12.0.30501,12.0.30501.0
MicrosoftAzureComputeEmulator-x64.exe,Windows Installer XML,3.0.5419.0
lghub.exe,LGHUB,2019.8.24330.0
lghub_agent.exe,LGHUB Agent,2019.8.24330.0
lghub_updater.exe,LGHUB Updater,2019.8.24330.0
Dota2ArxApplet.exe,Logitech Gaming Framework,9.2.65.0
CS_GO_Arx_Applet.exe,Logitech Gaming Framework,9.2.65.0
AssettoCorsaArxApplet.exe,Logitech Gaming Framework,9.2.65.0
RevitDatabase_Desktop.exe,RevitDatabase_Desktop,1.0.0.0
RevitDatabase_Desktop.exe,RevitDatabase_Desktop,1.0.0.0
ProgramsList.exe,ProgramsList,1.0.0.0
ProgramsList.exe,ProgramsList,1.0.0.0
ProgramsList.exe,ProgramsList,1.0.0.0
ProgramsList.exe,ProgramsList,1.0.0.0
Mortar and pestle.exe,Mortar and pestle,1.0.0.0
Mortar and pestle.exe,Mortar and pestle,1.0.0.0
Mortar and pestle.exe,Mortar and pestle,1.0.0.0
Mortar and pestle.exe,Mortar and pestle,1.0.0.0
RockPaperScissors.exe,RockPaperScissors,1.0.0.0
RockPaperScissors.exe,RockPaperScissors,1.0.0.0
PhoneBookConsoleApp.exe,PhoneBookConsoleApp,1.0.0.0
PhoneBookConsoleApp.exe,PhoneBookConsoleApp,1.0.0.0
PhoneBookConsoleApp.exe,PhoneBookConsoleApp,1.0.0.0
PhoneBookConsoleApp.vshost.exe,Microsoft® Visual Studio® 2013 ,12.0.30723.0
PhoneBookConsoleApp.exe,PhoneBookConsoleApp,1.0.0.0
PhoneBookConsoleApp.vshost.exe,Microsoft® Visual Studio® 2013 ,12.0.30723.0
Mortar and pestle.exe,Mortar and pestle,1.0.0.0
Mortar and pestle.exe,Mortar and pestle,1.0.0.0
Mortar and pestle.exe,Mortar and pestle,1.0.0.0
Mortar and pestle.exe,Mortar and pestle,1.0.0.0
Hangman.exe,Hangman,1.0.0.0
Hangman.exe,Hangman,1.0.0.0
Hangman.exe,Hangman,1.0.0.0
Hangman.exe,Hangman,1.0.0.0
FizzBuzz.exe,FizzBuzz,1.0.0.0
FizzBuzz.exe,FizzBuzz,1.0.0.0
FizzBuzz.vshost.exe,Microsoft® Visual Studio® 2015,14.0.23107.0
Fez Alphabet Cypher.exe,Fez Alphabet Cypher,1.0.0.0
Fez Alphabet Cypher.exe,Fez Alphabet Cypher,1.0.0.0
Fez Alphabet Cypher.exe,Fez Alphabet Cypher,1.0.0.0
Fez Alphabet Cypher.exe,Fez Alphabet Cypher,1.0.0.0
Fez Alphabet Cypher.vshost.exe,Microsoft® Visual Studio® 2013 ,12.0.30723.0
AccessRuntime.exe,,12.0.6425.1000
CryoTracker-v1.0.0 Setup.exe,CryoTracker                                                 ,1.0.0.0
CryoTracker.exe,CryoTracker,1.0.0.0
CryoTracker.exe,CryoTracker,1.0.0.0
CryoTracker.exe,CryoTracker,1.0.0.0
CryoTracker.exe,CryoTracker,1.0.0.0
CryoTracker.exe,CryoTracker,1.0.0.0
Checkbook Setup-v1.0.exe,Checkbook                                                   ,1.0.0.0
Checkbook Setup-v1.1.exe,Checkbook                                                   ,1.1.0.0
Checkbook Setup-v1.2.exe,Checkbook                                                   ,1.2.0.0
Checkbook Setup.exe,Checkbook                                                   ,1.6.6.0
AccessRuntime.exe,,12.0.6425.1000
Checkbook.exe,Checkbook,1.0.0.0
Checkbook Setup.exe,Checkbook                                                   ,1.6.6.0
Checkbook.exe,Checkbook,1.0.0.0
Checkbook.exe,Checkbook,1.0.0.0
Checkbook.exe,Checkbook,1.0.0.0
Checkbook.vshost.exe,Microsoft® Visual Studio® 2015,14.0.23107.0
Checkbook.exe,Checkbook,1.0.0.0
Checkbook.vshost.exe,Microsoft® Visual Studio® 2015,14.0.23107.0
vcredist_x86.exe,Microsoft Visual C++ 2013 Redistributable (x86) - 12.0.30501,12.0.30501.0
VC_redist.x86.exe,Microsoft Visual C++ 2015-2019 Redistributable (x86) - 14.24.28127,14.24.28127.4
WirelessSetup.exe,Intel® Software Installer,21.50.1.1
AacSetup.exe,ENE RGB HAL,1.0.9.0
AacSetup.exe,ENE_EHD_HAL,1.0.2.0
vcredist_x86.exe,Microsoft Visual C++ 2012 Redistributable (x86) - 11.0.61030,11.0.61030.0
VC_redist.x64.exe,Microsoft Visual C++ 2015-2019 Redistributable (x64) - 14.24.28127,14.24.28127.4
dotnet-sdk-2.1.801-win-x64.exe,Microsoft .NET Core SDK 2.1.801 (x64),2.1.801.0
winsdksetup.exe,Windows Software Development Kit - Windows 10.0.18362.1,10.1.18362.1
vcredist_x64.exe,Microsoft Visual C++ 2013 Redistributable (x64) - 12.0.30501,12.0.30501.0
ConfigSecurityPolicy.exe,Microsoft® Windows® Operating System,4.18.18362.1
MpCmdRun.exe,Microsoft® Windows® Operating System,4.18.1911.3
MsMpEng.exe,Microsoft® Windows® Operating System,4.18.1911.3
NisSrv.exe,Microsoft® Windows® Operating System,4.18.1911.3
ConfigSecurityPolicy.exe,Microsoft® Windows® Operating System,4.18.18362.1
MpCmdRun.exe,Microsoft® Windows® Operating System,4.18.1910.4
MsMpEng.exe,Microsoft® Windows® Operating System,4.18.1910.4
NisSrv.exe,Microsoft® Windows® Operating System,4.18.1910.4
vs_bootstrapper.exe,Microsoft Visual Studio Setup,16.3.29418.71
WinSdkInstaller.exe,Microsoft® Visual Studio®,16.0.29416.201
winsdksetup.exe,Windows Software Development Kit - Windows 10.0.18362.1,10.1.18362.1
VSInitializer.exe,Microsoft® Visual Studio®,16.0.29313.120
EnableGraphicsTools.exe,Microsoft® Visual Studio®,16.0.28315.86
VsJustInTimeDebuggerRegistrationHelper.exe,Microsoft® Windows® Operating System,16.0.28911.42
VC_redist.x86.exe,Microsoft Visual C++ 2015-2019 Redistributable (x86) - 14.24.28127,14.24.28127.4
VC_redist.x64.exe,Microsoft Visual C++ 2015-2019 Redistributable (x64) - 14.24.28127,14.24.28127.4
vcredist_x64.exe,Microsoft Visual C++ 2013 Redistributable (x64) - 12.0.30501,12.0.30501.0
vcredist_x86.exe,Microsoft Visual C++ 2013 Redistributable (x86) - 12.0.30501,12.0.30501.0
MicrosoftAzureComputeEmulator-x64.exe,Windows Installer XML,3.0.5419.0
lghub.exe,LGHUB,2019.8.24330.0
lghub_agent.exe,LGHUB Agent,2019.8.24330.0
lghub_updater.exe,LGHUB Updater,2019.8.24330.0
Dota2ArxApplet.exe,Logitech Gaming Framework,9.2.65.0
CS_GO_Arx_Applet.exe,Logitech Gaming Framework,9.2.65.0
AssettoCorsaArxApplet.exe,Logitech Gaming Framework,9.2.65.0
Contents64.exe,Contents64,1.3.0.0
ContextMenu64.exe,ContextMenu64,1.2.5.0
XYcopy.exe,XYplorer,2.10.0.149
XYplorer.exe,XYplorer,20.50.0.100
ImagingDevices.exe,Microsoft® Windows® Operating System,6.2.18362.1
wordpad.exe,Microsoft® Windows® Operating System,6.2.18362.267
setup_wm.exe,Microsoft® Windows® Operating System,12.0.18362.1
wmlaunch.exe,Microsoft® Windows® Operating System,12.0.18362.1
wmpconfig.exe,Microsoft® Windows® Operating System,12.0.18362.449
wmplayer.exe,Microsoft® Windows® Operating System,12.0.18362.449
wmprph.exe,Microsoft® Windows® Operating System,12.0.18362.1
wmpshare.exe,Microsoft® Windows® Operating System,12.0.18362.449
wab.exe,Microsoft® Windows® Operating System,6.2.18362.1
wabmig.exe,Microsoft® Windows® Operating System,6.2.18362.1
TE.exe,Test Authoring and Execution Framework,10.34.1812.20007
TE.ManagedHost.exe,,10.34.1812.20007
TE.ProcessHost.exe,Test Authoring and Execution Framework,10.34.1812.20007
TE.ProcessHost.UAP.exe,Test Authoring and Execution Framework,10.34.1812.20007
TE.exe,Test Authoring and Execution Framework,10.34.1812.20007
TE.ManagedHost.exe,,10.34.1812.20007
TE.ProcessHost.exe,Test Authoring and Execution Framework,10.34.1812.20007
TE.ProcessHost.UAP.exe,Test Authoring and Execution Framework,10.34.1812.20007
Wex.Services.exe,Test Authoring and Execution Framework,10.34.1812.20007
TE.exe,Test Authoring and Execution Framework,10.34.1812.20007
TE.ProcessHost.exe,Test Authoring and Execution Framework,10.34.1812.20007
TE.ProcessHost.UAP.exe,Test Authoring and Execution Framework,10.34.1812.20007
Wex.Services.exe,Test Authoring and Execution Framework,10.34.1812.20007
TE.exe,Test Authoring and Execution Framework,10.34.1812.20007
TE.ProcessHost.exe,Test Authoring and Execution Framework,10.34.1812.20007
TE.ProcessHost.UAP.exe,Test Authoring and Execution Framework,10.34.1812.20007
accevent.exe,Microsoft Active Accessibility,7.2.0.0
adpcmencode3.exe,Microsoft® Windows® Operating System,10.0.18362.1
betest.exe,BETest,10.0.18362.1
bulkmetadatapackagingwizard.exe,Microsoft (R) Windows (R) Operating System,10.0.18362.1
cert2spc.exe,Microsoft® Windows® Operating System,10.0.18362.1
certmgr.exe,Microsoft® Windows® Operating System,10.0.18362.1
ComparePackage.exe,Microsoft (R) Windows (R) Operating System,10.0.18362.1
computerhardwareids.exe,Microsoft® Windows® Operating System,10.0.18362.1
convert-moftoprovider.exe,Microsoft® Windows® Operating System,10.0.18362.1
cppwinrt.exe,C++/WinRT,1.0.0.1
ctrpp.exe,Microsoft® Windows® Operating System,10.0.18362.1
DeviceMetadataWizard.exe,Microsoft (R) Windows (R) Operating System,10.0.18362.1
dxc.exe,Microsoft® Windows® Operating System,10.0.18362.1
dxcapsviewer.exe,Microsoft® Windows® Operating System,10.0.18362.1
espexe.exe,Microsoft® Windows® Operating System,10.0.18362.1
extidgen.exe,,1.0.0.0
filetypeverifier.exe,Microsoft® Windows® Operating System,10.0.18362.1
filtdump.exe,Microsoft® Windows® Operating System,10.0.18362.1
filtreg.exe,Microsoft® Windows® Operating System,10.0.18362.1
ftquery.exe,Microsoft (R) Windows (R) Operating System,10.0.18362.1
fxc.exe,Microsoft® Windows® Operating System,10.0.18362.1
gc.exe,Microsoft® Windows® Operating System,5.3.23118.0
genmanifest.exe,Microsoft® Windows® Operating System,10.0.18362.1
graphedt.exe,DirectShow,10.0.0.0
ifilttst.exe,Microsoft® Windows® Operating System,10.0.18362.1
inspect.exe,Microsoft Active Accessibility,7.2.0.0
isxps.exe,Microsoft (R) Windows (R) Operating System,10.0.18362.1
jsconstraintdebug.exe,Microsoft® Windows® Operating System,10.0.18362.1
makeappx.exe,Microsoft® Windows® Operating System,10.0.18362.1
makecat.exe,Microsoft® Windows® Operating System,10.0.18362.1
makecert.exe,Microsoft® Windows® Operating System,10.0.18362.1
makepri.exe,Microsoft® Windows® Operating System,10.0.18362.1
mbidgenerator.exe,Microsoft (R) Windows (R) Operating System,10.0.18362.1
mc.exe,Microsoft® Windows® Operating System,10.0.18362.1
mdmerge.exe,Microsoft® Windows® Operating System,10.0.18362.1
mftrace.exe,Media Foundation Tracing Application,1.1.0.1
midl.exe,Microsoft® Windows® Operating System,8.1.622.1
midlc.exe,Microsoft® Windows® Operating System,8.1.622.1
midlrt.exe,Microsoft® Windows® Operating System,10.0.226.1
MsiCert.exe,Windows Installer,5.0.18362.1
MsiDb.exe,Windows Installer,5.0.18362.1
MsiFiler.exe,Windows Installer,5.0.18362.1
MsiInfo.exe,Windows Installer,5.0.18362.1
Msimerg.exe,Windows Installer,5.0.18362.1
MsiMsp.exe,Windows Installer,5.0.18362.1
MsiTran.exe,Windows Installer,5.0.18362.1
mt.exe,Microsoft® Windows® Operating System,10.0.18362.1
muirct.exe,Microsoft® Windows® Operating System,10.0.18362.1
oleview.exe,Microsoft® Windows® Operating System,10.0.18362.1
PackageEditor.exe,Microsoft (R) Windows (R) Operating System,10.0.18362.1
pktextract.exe,Microsoft® Windows® Operating System,10.0.18362.1
pvk2pfx.exe,Microsoft® Windows® Operating System,10.0.18362.1
rc.exe,Microsoft® Windows® Operating System,10.0.18362.1
regwinmd.exe,Microsoft® Windows® Operating System,10.0.18362.1
signtool.exe,Microsoft® Windows® Operating System,10.0.18362.1
StoreUploader.exe,Microsoft (R) Windows (R) Operating System,10.0.18362.1
TB3x.exe,TAPIBrowser Application,1.0.0.1
topoedit.exe,Media Foundation Topology Editor,1.0.0.1
tracefmt.exe,Microsoft® Windows® Operating System,10.0.18362.1
tracelog.exe,Microsoft® Windows® Operating System,10.0.18362.1
tracepdb.exe,Microsoft® Windows® Operating System,10.0.18362.1
traceview.exe,,2.1.1.0
tracewpp.exe,Microsoft® Windows® Operating System,10.0.18362.1
uicc.exe,Microsoft® Windows® Operating System,10.0.18362.1
uuidgen.exe,Microsoft® Windows® Operating System,10.0.18362.1
vsdiagview.exe,Microsoft (R) Windows (R) Operating System,10.0.18362.1
vshadow.exe,VShadow,10.0.18362.1
vssagent.exe,VssAgent,10.0.18362.1
vsstrace.exe,vsstrace,10.0.18362.1
vstorcontrol.exe,Virtual Storage Command Line Control Tool,10.0.18362.1
vswriter.exe,Vswriter,10.0.18362.1
WiLogUtl.exe,Windows Installer,5.0.18362.1
WinAppDeployCmd.exe,Microsoft (R) Windows (R) Operating System,10.0.18362.1
winmdidl.exe,Microsoft® Windows® Operating System,10.0.18362.1
wsdcodegen.exe,Microsoft (R) Windows (R) Operating System,10.0.18362.1
wsddebug_client.exe,Microsoft® Windows® Operating System,10.0.18362.1
wsddebug_host.exe,Microsoft® Windows® Operating System,10.0.18362.1
wstracedump.exe,Microsoft® Windows® Operating System,10.0.18362.1
wstraceutil.exe,Microsoft® Windows® Operating System,10.0.18362.1
wsutil.exe,Microsoft® Windows® Operating System,10.0.18362.1
xpsanalyzer.exe,Microsoft® Windows® Operating System,10.0.18362.1
xpsconverter.exe,Microsoft (R) Windows (R) Operating System,10.0.18362.1
VisualUIAVerifyNative.exe,Microsoft® Windows® Operating System,10.0.18362.1
AccCheckConsole.exe,Microsoft (R) Windows (R) Operating System,10.0.18362.1
acccheckui.exe,Microsoft® Windows® Operating System,10.0.18362.1
accevent.exe,Microsoft Active Accessibility,7.2.0.0
adpcmencode3.exe,Microsoft® Windows® Operating System,10.0.18362.1
betest.exe,BETest,10.0.18362.1
bulkmetadatapackagingwizard.exe,Microsoft (R) Windows (R) Operating System,10.0.18362.1
cert2spc.exe,Microsoft® Windows® Operating System,10.0.18362.1
certmgr.exe,Microsoft® Windows® Operating System,10.0.18362.1
ComparePackage.exe,Microsoft (R) Windows (R) Operating System,10.0.18362.1
computerhardwareids.exe,Microsoft® Windows® Operating System,10.0.18362.1
convert-moftoprovider.exe,Microsoft® Windows® Operating System,10.0.18362.1
cppwinrt.exe,C++/WinRT,1.0.0.1
ctrpp.exe,Microsoft® Windows® Operating System,10.0.18362.1
DeviceMetadataWizard.exe,Microsoft (R) Windows (R) Operating System,10.0.18362.1
dxc.exe,Microsoft® Windows® Operating System,10.0.18362.1
dxcapsviewer.exe,Microsoft® Windows® Operating System,10.0.18362.1
espexe.exe,Microsoft® Windows® Operating System,10.0.18362.1
extidgen.exe,,1.0.0.0
filetypeverifier.exe,Microsoft® Windows® Operating System,10.0.18362.1
filtdump.exe,Microsoft® Windows® Operating System,10.0.18362.1
filtreg.exe,Microsoft® Windows® Operating System,10.0.18362.1
ftquery.exe,Microsoft (R) Windows (R) Operating System,10.0.18362.1
fxc.exe,Microsoft® Windows® Operating System,10.0.18362.1
gamesaveutil.exe,Microsoft® Windows® Operating System,10.0.18362.1
genmanifest.exe,Microsoft® Windows® Operating System,10.0.18362.1
graphedt.exe,DirectShow,10.0.0.0
ifilttst.exe,Microsoft® Windows® Operating System,10.0.18362.1
inspect.exe,Microsoft Active Accessibility,7.2.0.0
isxps.exe,Microsoft (R) Windows (R) Operating System,10.0.18362.1
jsconstraintdebug.exe,Microsoft® Windows® Operating System,10.0.18362.1
makeappx.exe,Microsoft® Windows® Operating System,10.0.18362.1
makecat.exe,Microsoft® Windows® Operating System,10.0.18362.1
makecert.exe,Microsoft® Windows® Operating System,10.0.18362.1
makepri.exe,Microsoft® Windows® Operating System,10.0.18362.1
mbidgenerator.exe,Microsoft (R) Windows (R) Operating System,10.0.18362.1
mc.exe,Microsoft® Windows® Operating System,10.0.18362.1
mdmerge.exe,Microsoft® Windows® Operating System,10.0.18362.1
mftrace.exe,Media Foundation Tracing Application,1.1.0.1
midl.exe,Microsoft® Windows® Operating System,8.1.622.1
midlc.exe,Microsoft® Windows® Operating System,8.1.622.1
midlrt.exe,Microsoft® Windows® Operating System,10.0.226.1
mt.exe,Microsoft® Windows® Operating System,10.0.18362.1
muirct.exe,Microsoft® Windows® Operating System,10.0.18362.1
oleview.exe,Microsoft® Windows® Operating System,10.0.18362.1
PackageEditor.exe,Microsoft (R) Windows (R) Operating System,10.0.18362.1
pktextract.exe,Microsoft® Windows® Operating System,10.0.18362.1
pvk2pfx.exe,Microsoft® Windows® Operating System,10.0.18362.1
rc.exe,Microsoft® Windows® Operating System,10.0.18362.1
regwinmd.exe,Microsoft® Windows® Operating System,10.0.18362.1
signtool.exe,Microsoft® Windows® Operating System,10.0.18362.1
StoreUploader.exe,Microsoft (R) Windows (R) Operating System,10.0.18362.1
TB3x.exe,TAPIBrowser Application,1.0.0.1
topoedit.exe,Media Foundation Topology Editor,1.0.0.1
tracefmt.exe,Microsoft® Windows® Operating System,10.0.18362.1
tracelog.exe,Microsoft® Windows® Operating System,10.0.18362.1
tracepdb.exe,Microsoft® Windows® Operating System,10.0.18362.1
traceview.exe,,2.1.1.0
tracewpp.exe,Microsoft® Windows® Operating System,10.0.18362.1
uuidgen.exe,Microsoft® Windows® Operating System,10.0.18362.1
vsdiagview.exe,Microsoft (R) Windows (R) Operating System,10.0.18362.1
vshadow.exe,VShadow,10.0.18362.1
vssagent.exe,VssAgent,10.0.18362.1
vsstrace.exe,vsstrace,10.0.18362.1
vstorcontrol.exe,Virtual Storage Command Line Control Tool,10.0.18362.1
vswriter.exe,Vswriter,10.0.18362.1
winmdidl.exe,Microsoft® Windows® Operating System,10.0.18362.1
wsdcodegen.exe,Microsoft (R) Windows (R) Operating System,10.0.18362.1
wsddebug_client.exe,Microsoft® Windows® Operating System,10.0.18362.1
wsddebug_host.exe,Microsoft® Windows® Operating System,10.0.18362.1
wstracedump.exe,Microsoft® Windows® Operating System,10.0.18362.1
wstraceutil.exe,Microsoft® Windows® Operating System,10.0.18362.1
wsutil.exe,Microsoft® Windows® Operating System,10.0.18362.1
xpsanalyzer.exe,Microsoft® Windows® Operating System,10.0.18362.1
xpsconverter.exe,Microsoft (R) Windows (R) Operating System,10.0.18362.1
VisualUIAVerifyNative.exe,Microsoft® Windows® Operating System,10.0.18362.1
AccCheckConsole.exe,Microsoft (R) Windows (R) Operating System,10.0.18362.1
acccheckui.exe,Microsoft® Windows® Operating System,10.0.18362.1
accevent.exe,Microsoft Active Accessibility,7.2.0.0
betest.exe,BETest,10.0.18362.1
cert2spc.exe,Microsoft® Windows® Operating System,10.0.18362.1
certmgr.exe,Microsoft® Windows® Operating System,10.0.18362.1
computerhardwareids.exe,Microsoft® Windows® Operating System,10.0.18362.1
convert-moftoprovider.exe,Microsoft® Windows® Operating System,10.0.18362.1
cppwinrt.exe,C++/WinRT,1.0.0.1
ctrpp.exe,Microsoft® Windows® Operating System,10.0.18362.1
dxc.exe,Microsoft® Windows® Operating System,10.0.18362.1
dxcapsviewer.exe,Microsoft® Windows® Operating System,10.0.18362.1
espexe.exe,Microsoft® Windows® Operating System,10.0.18362.1
extidgen.exe,,1.0.0.0
filetypeverifier.exe,Microsoft® Windows® Operating System,10.0.18362.1
filtdump.exe,Microsoft® Windows® Operating System,10.0.18362.1
filtreg.exe,Microsoft® Windows® Operating System,10.0.18362.1
ftquery.exe,Microsoft (R) Windows (R) Operating System,10.0.18362.1
fxc.exe,Microsoft® Windows® Operating System,10.0.18362.1
graphedt.exe,DirectShow,10.0.0.0
ifilttst.exe,Microsoft® Windows® Operating System,10.0.18362.1
inspect.exe,Microsoft Active Accessibility,7.2.0.0
jsconstraintdebug.exe,Microsoft® Windows® Operating System,10.0.18362.1
makecat.exe,Microsoft® Windows® Operating System,10.0.18362.1
makecert.exe,Microsoft® Windows® Operating System,10.0.18362.1
makepri.exe,Microsoft® Windows® Operating System,10.0.18362.1
mbidgenerator.exe,Microsoft (R) Windows (R) Operating System,10.0.18362.1
mc.exe,Microsoft® Windows® Operating System,10.0.18362.1
mftrace.exe,Media Foundation Tracing Application,1.1.0.1
midl.exe,Microsoft® Windows® Operating System,8.1.622.1
midlc.exe,Microsoft® Windows® Operating System,8.1.622.1
mt.exe,Microsoft® Windows® Operating System,10.0.18362.1
muirct.exe,Microsoft® Windows® Operating System,10.0.18362.1
oleview.exe,Microsoft® Windows® Operating System,10.0.18362.1
pktextract.exe,Microsoft® Windows® Operating System,10.0.18362.1
pvk2pfx.exe,Microsoft® Windows® Operating System,10.0.18362.1
rc.exe,Microsoft® Windows® Operating System,10.0.18362.1
signtool.exe,Microsoft® Windows® Operating System,10.0.18362.1
TB3x.exe,TAPIBrowser Application,1.0.0.1
topoedit.exe,Media Foundation Topology Editor,1.0.0.1
tracefmt.exe,Microsoft® Windows® Operating System,10.0.18362.1
tracelog.exe,Microsoft® Windows® Operating System,10.0.18362.1
tracepdb.exe,Microsoft® Windows® Operating System,10.0.18362.1
traceview.exe,,2.1.1.0
tracewpp.exe,Microsoft® Windows® Operating System,10.0.18362.1
uuidgen.exe,Microsoft® Windows® Operating System,10.0.18362.1
vsdiagview.exe,Microsoft (R) Windows (R) Operating System,10.0.18362.1
vshadow.exe,VShadow,10.0.18362.1
vssagent.exe,VssAgent,10.0.18362.1
vsstrace.exe,vsstrace,10.0.18362.1
vstorcontrol.exe,Virtual Storage Command Line Control Tool,10.0.18362.1
vswriter.exe,Vswriter,10.0.18362.1
wstracedump.exe,Microsoft® Windows® Operating System,10.0.18362.1
wstraceutil.exe,Microsoft® Windows® Operating System,10.0.18362.1
wsutil.exe,Microsoft® Windows® Operating System,10.0.18362.1
xpsanalyzer.exe,Microsoft® Windows® Operating System,10.0.18362.1
VisualUIAVerifyNative.exe,Microsoft® Windows® Operating System,10.0.18362.1
AccCheckConsole.exe,Microsoft (R) Windows (R) Operating System,10.0.18362.1
acccheckui.exe,Microsoft® Windows® Operating System,10.0.18362.1
accevent.exe,Microsoft Active Accessibility,7.2.0.0
computerhardwareids.exe,Microsoft® Windows® Operating System,10.0.18362.1
cppwinrt.exe,C++/WinRT,1.0.0.1
dxcapsviewer.exe,Microsoft® Windows® Operating System,10.0.18362.1
filetypeverifier.exe,Microsoft® Windows® Operating System,10.0.18362.1
filtdump.exe,Microsoft® Windows® Operating System,10.0.18362.1
filtreg.exe,Microsoft® Windows® Operating System,10.0.18362.1
ftquery.exe,Microsoft (R) Windows (R) Operating System,10.0.18362.1
ifilttst.exe,Microsoft® Windows® Operating System,10.0.18362.1
inspect.exe,Microsoft Active Accessibility,7.2.0.0
mbidgenerator.exe,Microsoft (R) Windows (R) Operating System,10.0.18362.1
mftrace.exe,Media Foundation Tracing Application,1.1.0.1
MsiCert.exe,Windows Installer,5.0.18362.1
MsiDb.exe,Windows Installer,5.0.18362.1
MsiFiler.exe,Windows Installer,5.0.18362.1
MsiInfo.exe,Windows Installer,5.0.18362.1
Msimerg.exe,Windows Installer,5.0.18362.1
MsiMsp.exe,Windows Installer,5.0.18362.1
MsiTran.exe,Windows Installer,5.0.18362.1
signtool.exe,Microsoft® Windows® Operating System,10.0.18362.1
topoedit.exe,Media Foundation Topology Editor,1.0.0.1
tracelog.exe,Microsoft® Windows® Operating System,10.0.18362.1
WiLogUtl.exe,Windows Installer,5.0.18362.1
wstraceutil.exe,Microsoft® Windows® Operating System,10.0.18362.1
VisualUIAVerifyNative.exe,Microsoft® Windows® Operating System,10.0.18362.1
AccCheckConsole.exe,Microsoft (R) Windows (R) Operating System,10.0.18362.1
acccheckui.exe,Microsoft® Windows® Operating System,10.0.18362.1
aitstatic.exe,Microsoft® Windows® Operating System,10.0.18362.1
appcert.exe,Windows App Certification Kit,10.0.18362.1
appcertui.exe,Windows App Certification Kit,10.0.18362.1
makeappx.exe,Microsoft® Windows® Operating System,10.0.18362.1
microsoft.windows.softwarelogo.appxlauncher.exe,Windows App Certification Kit,10.0.18362.1
microsoft.windows.softwarelogo.taskengine.exe,Windows App Certification Kit,10.0.18362.1
rmlogotest.exe,Microsoft® Windows® Operating System,10.0.18362.1
signtool.exe,Microsoft® Windows® Operating System,10.0.18362.1
speedcrunch.exe,,0.12.0.0
maintenanceservice.exe,Firefox,72.0.2.7321
Uninstall.exe,Firefox,1.0.0.0
WG.EXE,WebGrease,1.6.5135.21932
WG.exe,WebGrease,1.5.2.14239
csc.exe,,2.6.1.62414
csi.exe,,2.6.1.62414
vbc.exe,,2.6.1.62414
VBCSCompiler.exe,,2.6.1.62414
csc.exe,,2.9.0.63208
csi.exe,,2.9.0.63208
vbc.exe,,2.9.0.63208
VBCSCompiler.exe,,2.9.0.63208
csc.exe,,1.3.1.60621
csi.exe,,1.3.1.60621
vbc.exe,,1.3.1.60621
VBCSCompiler.exe,,1.3.1.60621
csc.exe,,2.8.2.62916
csi.exe,,2.8.2.62916
vbc.exe,,2.8.2.62916
VBCSCompiler.exe,,2.8.2.62916
csc.exe,,1.3.1.60621
csi.exe,,1.3.1.60621
vbc.exe,,1.3.1.60621
VBCSCompiler.exe,,1.3.1.60621
migrate.exe,Microsoft Entity Framework,6.2.61023.0
migrate.exe,Microsoft Entity Framework,6.1.40302.0
migrate.exe,Microsoft Entity Framework,6.0.20911.0
migrate.exe,Microsoft Entity Framework,6.2.61023.0
migrate.exe,Microsoft® ADO.NET Entity Framework,5.0.20627.0
VSPerfASPNetCmd.exe,Microsoft® Visual Studio®,16.0.29428.189
VSPerfCmd.exe,Microsoft® Visual Studio®,16.0.29428.189
VSPerfMon.exe,Microsoft® Visual Studio®,16.0.29428.189
VSPerfSrv.exe,Microsoft® Visual Studio®,16.0.29428.189
VSPerfCmd.exe,Microsoft® Visual Studio®,16.0.29428.189
VSPerfMon.exe,Microsoft® Visual Studio®,16.0.29428.189
VSPerfSrv.exe,Microsoft® Visual Studio®,16.0.29428.189
StandardCollector.Service.exe,Microsoft® Visual Studio®,16.1.28901.1
setup.exe,Visual Studio,2.4.1111.43337
vswhere.exe,Visual Studio Setup,2.7.1.3096
vs_installer.exe,Visual Studio,2.4.1111.43337
vs_installer.windows.exe,Visual Studio,2.4.1111.43337
vs_installershell.exe,vs_installershell,1.0.0.0
BackgroundDownload.exe,Visual Studio,2.4.1111.43337
CheckHyperVHost.exe,Visual Studio,2.4.1111.43337
handle.exe,Sysinternals Handle,4.11.0.0
VSHiveStub.exe,Microsoft® Visual Studio®,16.4.1057.37368
VSIXAutoUpdate.exe,Microsoft® Visual Studio®,16.4.1057.37368
VSIXConfigurationUpdater.exe,Visual Studio,2.4.1111.43337
VSIXInstaller.exe,Microsoft® Visual Studio®,16.4.1057.37368
vs_installerservice.exe,ServiceHub.Host.CLR,1.3.211.27930
vs_installerservice.x86.exe,ServiceHub.Host.CLR.x86,1.3.211.27930
Microsoft.ServiceHub.Controller.exe,Microsoft.ServiceHub.Controller,1.3.211.27930
vs_installer.windows.exe,Visual Studio,2.4.1111.43337
CheckHyperVHost.exe,Visual Studio,2.4.1111.43337
handle.exe,Sysinternals Handle,4.11.0.0
InstallCleanup.exe,Visual Studio,2.4.1111.43337
Setup.exe,Visual Studio,2.4.1111.43337
bscmake.exe,Microsoft® Visual Studio®,14.24.28316.0
cl.exe,Microsoft® Visual Studio®,19.24.28316.0
cvtres.exe,Microsoft® Visual Studio®,14.24.28316.0
dumpbin.exe,Microsoft® Visual Studio®,14.24.28316.0
editbin.exe,Microsoft® Visual Studio®,14.24.28316.0
lib.exe,Microsoft® Visual Studio®,14.24.28316.0
link.exe,Microsoft® Visual Studio®,14.24.28316.0
ml.exe,Microsoft® Visual Studio®,14.24.28316.0
mspdbcmf.exe,Microsoft® Visual Studio®,14.24.28316.0
mspdbsrv.exe,Microsoft® Visual Studio®,14.24.28316.0
nmake.exe,Microsoft® Visual Studio®,14.24.28316.0
pgocvt.exe,Microsoft® Visual Studio®,14.24.28314.0
pgomgr.exe,Microsoft® Visual Studio®,14.24.28314.0
pgosweep.exe,Microsoft® Visual Studio®,14.24.28314.0
undname.exe,Microsoft® Visual Studio®,19.24.28316.0
vctip.exe,Microsoft® Visual Studio®,14.24.28316.0
xdcmake.exe,Microsoft® Visual Studio®,19.24.28316.0
bscmake.exe,Microsoft® Visual Studio®,14.24.28316.0
cl.exe,Microsoft® Visual Studio®,19.24.28316.0
cvtres.exe,Microsoft® Visual Studio®,14.24.28316.0
dumpbin.exe,Microsoft® Visual Studio®,14.24.28316.0
editbin.exe,Microsoft® Visual Studio®,14.24.28316.0
lib.exe,Microsoft® Visual Studio®,14.24.28316.0
link.exe,Microsoft® Visual Studio®,14.24.28316.0
ml64.exe,Microsoft® Visual Studio®,14.24.28316.0
mspdbcmf.exe,Microsoft® Visual Studio®,14.24.28316.0
mspdbsrv.exe,Microsoft® Visual Studio®,14.24.28316.0
nmake.exe,Microsoft® Visual Studio®,14.24.28316.0
pgocvt.exe,Microsoft® Visual Studio®,14.24.28314.0
pgomgr.exe,Microsoft® Visual Studio®,14.24.28314.0
undname.exe,Microsoft® Visual Studio®,19.24.28316.0
vctip.exe,Microsoft® Visual Studio®,14.24.28316.0
xdcmake.exe,Microsoft® Visual Studio®,19.24.28316.0
bscmake.exe,Microsoft® Visual Studio®,14.24.28316.0
cl.exe,Microsoft® Visual Studio®,19.24.28316.0
cvtres.exe,Microsoft® Visual Studio®,14.24.28316.0
dumpbin.exe,Microsoft® Visual Studio®,14.24.28316.0
editbin.exe,Microsoft® Visual Studio®,14.24.28316.0
lib.exe,Microsoft® Visual Studio®,14.24.28316.0
link.exe,Microsoft® Visual Studio®,14.24.28316.0
ml.exe,Microsoft® Visual Studio®,14.24.28316.0
mspdbcmf.exe,Microsoft® Visual Studio®,14.24.28316.0
mspdbsrv.exe,Microsoft® Visual Studio®,14.24.28316.0
nmake.exe,Microsoft® Visual Studio®,14.24.28316.0
pgocvt.exe,Microsoft® Visual Studio®,14.24.28314.0
pgomgr.exe,Microsoft® Visual Studio®,14.24.28314.0
undname.exe,Microsoft® Visual Studio®,19.24.28316.0
vctip.exe,Microsoft® Visual Studio®,14.24.28316.0
xdcmake.exe,Microsoft® Visual Studio®,19.24.28316.0
bscmake.exe,Microsoft® Visual Studio®,14.24.28316.0
cl.exe,Microsoft® Visual Studio®,19.24.28316.0
cvtres.exe,Microsoft® Visual Studio®,14.24.28316.0
dumpbin.exe,Microsoft® Visual Studio®,14.24.28316.0
editbin.exe,Microsoft® Visual Studio®,14.24.28316.0
lib.exe,Microsoft® Visual Studio®,14.24.28316.0
link.exe,Microsoft® Visual Studio®,14.24.28316.0
ml64.exe,Microsoft® Visual Studio®,14.24.28316.0
mspdbcmf.exe,Microsoft® Visual Studio®,14.24.28316.0
mspdbsrv.exe,Microsoft® Visual Studio®,14.24.28316.0
nmake.exe,Microsoft® Visual Studio®,14.24.28316.0
pgocvt.exe,Microsoft® Visual Studio®,14.24.28314.0
pgomgr.exe,Microsoft® Visual Studio®,14.24.28314.0
pgosweep.exe,Microsoft® Visual Studio®,14.24.28314.0
undname.exe,Microsoft® Visual Studio®,19.24.28316.0
vctip.exe,Microsoft® Visual Studio®,14.24.28316.0
xdcmake.exe,Microsoft® Visual Studio®,19.24.28316.0
clang-format.exe,clang,9.0.0.0
clang-tidy.exe,clang,9.0.0.0
vcredist_x64.exe,Microsoft Visual C++ 2015-2019 Redistributable (x64) - 14.24.28127,14.24.28127.4
vcredist_x86.exe,Microsoft Visual C++ 2015-2019 Redistributable (x86) - 14.24.28127,14.24.28127.4
vc_redist.x64.exe,Microsoft Visual C++ 2015-2019 Redistributable (x64) - 14.24.28127,14.24.28127.4
vc_redist.x86.exe,Microsoft Visual C++ 2015-2019 Redistributable (x86) - 14.24.28127,14.24.28127.4
FxCopCmd.exe,Microsoft® Visual Studio®,16.0.29724.72
vsinstr.exe,Microsoft® Visual Studio®,16.4.29723.1
vsinstr.legacy.exe,Microsoft® Visual Studio®,16.0.29727.102
VSPerfReport.exe,Microsoft® Visual Studio®,16.0.29728.167
vsinstr.exe,Microsoft® Visual Studio®,16.4.29723.1
vsinstr.legacy.exe,Microsoft® Visual Studio®,16.0.29727.102
vs_profiler_x64_enu.exe,Performance Tools for Visual Studio 2019,16.0.29728.190
vs_profiler_x86_enu.exe,Performance Tools for Visual Studio 2019,16.0.29728.190
VSDiagnostics.exe,VSStandardCollector,16.4.29723.1
TTD.exe,Microsoft® Windows® Operating System,10.0.18935.1001
TTDInject.exe,Microsoft® Windows® Operating System,10.0.18935.1001
TTD.exe,Microsoft® Windows® Operating System,10.0.18935.1001
TTDInject.exe,Microsoft® Windows® Operating System,10.0.18935.1001
KillProcess.exe,Microsoft Visual Studio Tools for Containers,1.1.21024.1
Publicize.exe,Microsoft® Visual Studio®,16.0.29702.44
node.exe,Node.js,10.16.3.0
node.exe,Node.js,10.16.3.0
term-size.exe,term-size,0.1.0.0
MSBuild.exe,Microsoft® Build Tools®,16.4.0.56107
MSBuildTaskHost.exe,Microsoft® Build Tools®,16.4.0.56107
Tracker.exe,Microsoft® Build Tools®,16.0.29724.72
csc.exe,csc,3.400.119.61401
csi.exe,csi,3.400.119.61401
vbc.exe,vbc,3.400.119.61401
VBCSCompiler.exe,VBCSCompiler,3.400.119.61401
MSBuild.exe,Microsoft® Build Tools®,16.4.0.56107
MSBuildTaskHost.exe,Microsoft® Build Tools®,16.4.0.56107
Tracker.exe,Microsoft® Build Tools®,16.0.29724.72
msvsmon.exe,Microsoft® Visual Studio®,16.4.68.0
VSDebugLaunchNotify.exe,Microsoft ® Visual Studio ®,16.4.20108.1
errlook.exe,Microsoft® Visual Studio®,14.24.28314.0
guidgen.exe,Microsoft® Visual Studio®,14.24.28314.0
makehm.exe,Microsoft® Visual Studio®,14.24.28314.0
spyxx.exe,Microsoft® Visual Studio®,16.0.29428.189
spyxx_amd64.exe,Microsoft® Visual Studio®,16.0.29428.189
ServiceHub.Host.Node.x86.exe,Node.js,8.9.1.0
ServiceHub.DataWarehouseHost.exe,ServiceHub.Host.CLR.x86,2.1.97.45762
ServiceHub.Host.CLR.x86.exe,ServiceHub.Host.CLR.x86,2.1.97.45762
ServiceHub.IdentityHost.exe,ServiceHub.Host.CLR.x86,2.1.97.45762
ServiceHub.RoslynCodeAnalysisService32.exe,ServiceHub.Host.CLR.x86,2.1.97.45762
ServiceHub.SettingsHost.exe,ServiceHub.Host.CLR.x86,2.1.97.45762
ServiceHub.ThreadedWaitDialog.exe,ServiceHub.Host.CLR.x86,2.1.97.45762
ServiceHub.VSDetouredHost.exe,ServiceHub.Host.CLR.x86,2.1.97.45762
ServiceHub.DataWarehouseHost.exe,ServiceHub.Host.CLR.x64,2.1.97.45762
ServiceHub.Host.CLR.x64.exe,ServiceHub.Host.CLR.x64,2.1.97.45762
ServiceHub.Host.CLR.exe,ServiceHub.Host.CLR,2.1.97.45762
ServiceHub.LiveUnitTesting.exe,ServiceHub.Host.CLR,2.1.97.45762
ServiceHub.RoslynCodeAnalysisService.exe,ServiceHub.Host.CLR,2.1.97.45762
ServiceHub.TestWindowStoreHost.exe,ServiceHub.Host.CLR,2.1.97.45762
Microsoft.ServiceHub.Controller.exe,Microsoft.ServiceHub.Controller,2.1.97.45762
VsDebugLaunchNotify.exe,Microsoft ® Visual Studio ®,16.4.20108.1
TraceIndexer.exe,Microsoft® Visual Studio®,2.0.20.161
Blend.exe,Microsoft® Visual Studio®,16.4.29728.190
DDConfigCA.exe,Microsoft® Visual Studio®,16.0.29724.72
devenv.exe,Microsoft® Visual Studio®,16.4.29728.190
FeedbackCollector.exe,Microsoft® Visual Studio®,16.0.29702.44
Microsoft.VisualStudio.Web.Host.exe,Microsoft® Visual Studio®,16.0.29319.131
mspdbsrv.exe,Microsoft® Visual Studio®,14.24.28316.0
MSTest.exe,Microsoft® Visual Studio®,16.0.28326.58
PerfWatson2.exe,Microsoft® Visual Studio®,16.0.29728.190
Publicize.exe,Microsoft® Visual Studio®,16.0.29411.138
QTAgent.exe,Microsoft® Visual Studio®,16.0.28315.86
QTAgent32.exe,Microsoft® Visual Studio®,16.0.28315.86
QTAgent32_35.exe,Microsoft® Visual Studio®,16.0.28315.86
QTAgent32_40.exe,Microsoft® Visual Studio®,16.0.28315.86
QTAgent_35.exe,Microsoft® Visual Studio®,16.0.28315.86
QTAgent_40.exe,Microsoft® Visual Studio®,16.0.28315.86
QTDCAgent.exe,Microsoft® Visual Studio®,16.0.28315.86
QTDCAgent32.exe,Microsoft® Visual Studio®,16.0.28315.86
StorePID.exe,Microsoft® Visual Studio®,16.0.29428.189
T4VSHostProcess.exe,Microsoft® Visual Studio®,16.0.29708.135
TextTransform.exe,Microsoft® Visual Studio®,16.0.29728.190
UserControlTestContainer.exe,Microsoft® Visual Studio®,16.0.29724.72
vb7to8.exe,Microsoft® Windows® Operating System,16.0.29428.189
VcxprojReader.exe,Microsoft® Visual Studio®,16.0.29511.113
VsDebugWERHelper.exe,Microsoft ® Visual Studio ®,16.4.20108.1
VSFinalizer.exe,Microsoft® Visual Studio®,16.0.29709.11
VsGa.exe,Microsoft® Visual Studio®,16.4.29709.97
VSHiveStub.exe,Microsoft® Visual Studio®,16.4.1057.37368
vshost-clr2.exe,Microsoft® Visual Studio®,16.0.29724.72
vshost.exe,Microsoft® Visual Studio®,16.0.29724.72
vshost32-clr2.exe,Microsoft® Visual Studio®,16.0.29724.72
vshost32.exe,Microsoft® Visual Studio®,16.0.29724.72
VSInitializer.exe,Microsoft® Visual Studio®,16.0.29702.44
VSIXInstaller.exe,Microsoft® Visual Studio®,16.4.1057.37368
VSLaunchBrowser.exe,Microsoft® Visual Studio®,16.0.29724.72
vsn.exe,Microsoft® Visual Studio®,16.0.29724.72
VsRegEdit.exe,Microsoft® Visual Studio®,16.0.29428.189
VSWebHandler.exe,Microsoft® Visual Studio®,16.0.29724.72
VSWebLauncher.exe,Microsoft® Visual Studio®,16.0.29724.72
XDesProc.exe,Microsoft® Visual Studio®,16.4.29728.190
Microsoft.XslDebugger.Host.exe,Microsoft® Visual Studio®,16.0.28930.63
vcpkgsrv.exe,Microsoft® Visual Studio®,16.0.29728.190
WpfSurface.exe,Microsoft® Visual Studio®,16.4.29728.190
WpfSurface.exe,Microsoft® Visual Studio®,16.4.29728.190
WpfSurface.exe,Microsoft® Visual Studio®,16.4.29728.190
WpfSurface.exe,Microsoft® Visual Studio®,16.4.29728.190
msvsmon.exe,Microsoft® Visual Studio®,16.4.68.0
VsDebugLaunchNotify.exe,Microsoft ® Visual Studio ®,16.4.20108.1
VsDebugWERHelper.exe,Microsoft ® Visual Studio ®,16.4.20108.1
VsGraphicsRemoteEngine.exe,Microsoft® Visual Studio®,16.0.29409.204
TraceIndexer.exe,Microsoft® Visual Studio®,2.0.20.161
msvsmon.exe,Microsoft® Visual Studio®,16.4.68.0
VsDebugLaunchNotify.exe,Microsoft ® Visual Studio ®,16.4.20108.1
VsDebugWERHelper.exe,Microsoft ® Visual Studio ®,16.4.20108.1
VsGraphicsRemoteEngine.exe,Microsoft® Visual Studio®,16.0.29409.204
AppxDebugSysTray.exe,Microsoft® Visual Studio®,16.0.29724.72
CheckHyperVHost.exe,Visual Studio,2.4.1111.43337
ScriptedSandbox32.exe,Microsoft® Visual Studio®,16.0.29508.41
ScriptedSandbox64.exe,Microsoft® Visual Studio®,16.0.29724.72
Microsoft.Asal.TokenService.exe,Microsoft® Visual Studio®,16.4.279.41194
datacollector.exe,datacollector,15.0.0.0
QTAgent.exe,Microsoft® Visual Studio®,16.0.28223.3002
QTAgent32.exe,Microsoft® Visual Studio®,16.0.28223.3002
QTAgent32_35.exe,Microsoft® Visual Studio®,16.0.28223.3002
QTAgent32_40.exe,Microsoft® Visual Studio®,16.0.28223.3002
QTAgent_35.exe,Microsoft® Visual Studio®,16.0.28223.3002
QTAgent_40.exe,Microsoft® Visual Studio®,16.0.28223.3002
QTDCAgent.exe,Microsoft® Visual Studio®,16.0.28223.3002
QTDCAgent32.exe,Microsoft® Visual Studio®,16.0.28223.3002
SettingsMigrator.exe,SettingsMigrator,15.0.0.0
testhost.exe,Microsoft.TestHost,15.0.0.0
testhost.x86.exe,Microsoft.TestHost.x86,15.0.0.0
vstest.console.exe,vstest.console,15.0.0.0
VSTestVideoRecorder.exe,Microsoft® Visual Studio®,16.0.28223.3002
VSTestVideoRecorder.exe,Microsoft® Visual Studio®,16.0.28223.3002
WindowsAzureDebugger.exe,Microsoft Azure Tools for Dev 16,2.9.21016.1
Microsoft.VisualStudio.EtwListener.exe,Microsoft Azure Service Fabric Visual Studio 2015 Tools Preview,0.10.10428.2
VSIISExeLauncher.exe,,16.4.460.23317
vsgraphics.exe,Microsoft® Windows® Operating System,16.0.29201.168
dacunpack.exe,Microsoft SQL Server Data-Tier Application Framework,15.0.4627.2
sqlpackage.exe,Microsoft SQL Server Data-Tier Application Framework,15.0.4627.2
dacunpack.exe,Microsoft SQL Server Data-Tier Application Framework,14.0.4009.3
sqlpackage.exe,Microsoft SQL Server Data-Tier Application Framework,14.0.4009.3
dacunpack.exe,Microsoft SQL Server Data-Tier Application Framework,15.0.4627.2
sqlpackage.exe,Microsoft SQL Server Data-Tier Application Framework,15.0.4627.2
electron.exe,Electron,4.2.9.0
vsls-agent.exe,Visual Studio Live Share Agent,1.0.1586.16214
intellicode.exe,intellicode,1.1.37.65288
Extractor.exe,IntelliCodeModelExtractor,1.0.35.1916
CppCustomModelExtractorDriver.exe,CustomModelExtractor,1.0.0.0
CustomBuildInterceptor.exe,CustomBuildInterceptor,1.0.0.0
EnableGraphicsTools.exe,Microsoft® Visual Studio®,16.0.29409.204
VsGraphicsDesktopEngine.exe,Microsoft® Visual Studio®,16.0.29409.204
VsStandardCollector.exe,Microsoft® Visual Studio®,16.4.29723.1
VsDebugConsole.exe,Microsoft® Visual Studio®,16.0.29724.72
WinFormsSurface.exe,WinFormsSurface,0.200.19.55602
vstest.console.exe,Microsoft® Visual Studio®,16.0.29724.72
BuildNotificationApp.exe,Microsoft® Visual Studio® Azure DevOps Server®,16.133.29613.1
EndTask.exe,Microsoft® Visual Studio® Azure DevOps Server®,16.133.29613.1
TF.exe,Microsoft® Visual Studio® Azure DevOps Server®,16.133.29613.1
TFSBuild.exe,Microsoft® Visual Studio® Azure DevOps Server®,16.133.29613.1
TfsDeleteProject.exe,Microsoft® Visual Studio® Azure DevOps Server®,16.133.29613.1
TFSSecurity.exe,Microsoft® Visual Studio® Team Foundation Server®,16.133.28320.6
vsDiffMerge.exe,Microsoft® Visual Studio® Azure DevOps Server®,16.133.29613.1
witadmin.exe,Microsoft® Visual Studio® Azure DevOps Server®,16.133.29613.1
git-wrapper.exe,,2.21.0.4
git-askpass.exe,Askpass Utility for Windows command line interface.,1.18.4.0
git-credential-manager.exe,Git Credential Manager for Windows command line interface.,1.18.4.0
GitHub.Authentication.exe,GitHub.Authentication,1.5.0.0
git-credential-store.exe,,2.21.0.4
git-fast-import.exe,,2.21.0.4
git-http-fetch.exe,,2.21.0.4
git-http-push.exe,,2.21.0.4
git-receive-pack.exe,,2.21.0.4
git-remote-http.exe,,2.21.0.4
git-remote-https.exe,,2.21.0.4
git-sh-i18n--envsubst.exe,,2.21.0.4
git-upload-pack.exe,,2.21.0.4
git.exe,,2.21.0.4
git.exe,,2.21.0.4
PSHOST.exe,Microsoft® Visual Studio®,0.0.0.0
CredentialProvider.Microsoft.exe,CredentialProvider.Microsoft,0.1.11.0
InteractiveHost32.exe,InteractiveHost32,3.400.119.61401
InteractiveHost64.exe,InteractiveHost64,3.400.119.61401
InteractiveHost32.exe,InteractiveHost32,3.400.119.61401
InteractiveHost64.exe,InteractiveHost64,3.400.119.61401
IntelliTrace.exe,Microsoft® Visual Studio®,16.0.29724.72
fsc.exe,fsc,10.700.19.55605
fsi.exe,fsi,10.700.19.55605
fsiAnyCpu.exe,fsiAnyCpu,10.700.19.55605
cmake.exe,,3.15.1910.15018
cmcldeps.exe,,3.15.1910.15018
cpack.exe,,3.15.1910.15018
ctest.exe,,3.15.1910.15018
al.exe,Microsoft® .NET Framework,14.8.3928.0
aspnet_intern.exe,Microsoft® .NET Framework,4.8.3928.0
aspnet_merge.exe,Microsoft® .NET Framework,4.8.3928.0
AxImp.exe,Microsoft® .NET Framework,4.8.3928.0
clrver.exe,Microsoft® .NET Framework,4.8.3928.0
CorFlags.exe,Microsoft® .NET Framework,4.8.3928.0
disco.exe,Microsoft® .NET Framework,4.8.3928.0
FUSLOGVW.exe,Microsoft® .NET Framework,4.8.3928.0
gacutil.exe,Microsoft® .NET Framework,4.8.3928.0
ildasm.exe,Microsoft® .NET Framework,4.8.3928.0
lc.exe,Microsoft® .NET Framework,4.8.3928.0
mage.exe,Microsoft® .NET Framework,4.8.3928.0
mageui.exe,Microsoft® .NET Framework,4.8.3928.0
mgmtclassgen.exe,Microsoft® .NET Framework,4.8.3928.0
mpgo.exe,Microsoft® Visual Studio® 12 CTP,14.8.3928.0
MSBuildTaskHost.exe,Microsoft® .NET Framework,4.8.3928.0
PEVerify.exe,Microsoft® .NET Framework,4.8.3928.0
ResGen.exe,Microsoft® .NET Framework,4.8.3928.0
SecAnnotate.exe,Microsoft® .NET Framework,4.8.3928.0
sgen.exe,Microsoft® .NET Framework,4.8.3928.0
sn.exe,Microsoft® .NET Framework,4.8.3928.0
SqlMetal.exe,Microsoft® .NET Framework,4.8.3928.0
StoreAdm.exe,Microsoft® .NET Framework,4.8.3928.0
SvcConfigEditor.exe,Microsoft® .NET Framework,4.8.3928.0
SvcTraceViewer.exe,Microsoft® .NET Framework,4.8.3928.0
SvcUtil.exe,Microsoft® .NET Framework,4.8.3928.0
TlbExp.exe,Microsoft® .NET Framework,4.8.3928.0
TlbImp.exe,Microsoft® .NET Framework,4.8.3928.0
Tracker.exe,Microsoft® .NET Framework,14.8.3928.0
WCA.exe,Microsoft® .NET Framework,4.8.3928.0
WFC.exe,Microsoft® .NET Framework,4.8.3928.0
WinMDExp.exe,Microsoft® .NET Framework,4.8.3928.0
WinRes.exe,Microsoft® .NET Framework,4.8.3928.0
wsdl.exe,Microsoft® .NET Framework,4.8.3928.0
xsd.exe,Microsoft® .NET Framework,4.8.3928.0
xsltc.exe,Microsoft® .NET Framework,4.8.3928.0
al.exe,Microsoft® .NET Framework,14.8.3928.0
AxImp.exe,Microsoft® .NET Framework,4.8.3928.0
clrver.exe,Microsoft® .NET Framework,4.8.3928.0
CorFlags.exe,Microsoft® .NET Framework,4.8.3928.0
disco.exe,Microsoft® .NET Framework,4.8.3928.0
FUSLOGVW.exe,Microsoft® .NET Framework,4.8.3928.0
gacutil.exe,Microsoft® .NET Framework,4.8.3928.0
ildasm.exe,Microsoft® .NET Framework,4.8.3928.0
lc.exe,Microsoft® .NET Framework,4.8.3928.0
MSBuildTaskHost.exe,Microsoft® .NET Framework,4.8.3928.0
PEVerify.exe,Microsoft® .NET Framework,4.8.3928.0
sgen.exe,Microsoft® .NET Framework,4.8.3928.0
sn.exe,Microsoft® .NET Framework,4.8.3928.0
SvcUtil.exe,Microsoft® .NET Framework,4.8.3928.0
TlbExp.exe,Microsoft® .NET Framework,4.8.3928.0
TlbImp.exe,Microsoft® .NET Framework,4.8.3928.0
Tracker.exe,Microsoft® .NET Framework,14.8.3928.0
wsdl.exe,Microsoft® .NET Framework,4.8.3928.0
xsd.exe,Microsoft® .NET Framework,4.8.3928.0
al.exe,Microsoft® .NET Framework,14.7.3081.0
aspnet_intern.exe,Microsoft® .NET Framework,4.7.3081.0
aspnet_merge.exe,Microsoft® .NET Framework,4.7.3081.0
AxImp.exe,Microsoft® .NET Framework,4.7.3081.0
clrver.exe,Microsoft® .NET Framework,4.7.3081.0
CorFlags.exe,Microsoft® .NET Framework,4.7.3081.0
disco.exe,Microsoft® .NET Framework,4.7.3081.0
FUSLOGVW.exe,Microsoft® .NET Framework,4.7.3081.0
gacutil.exe,Microsoft® .NET Framework,4.7.3081.0
ildasm.exe,Microsoft® .NET Framework,4.7.3081.0
lc.exe,Microsoft® .NET Framework,4.7.3081.0
mage.exe,Microsoft® .NET Framework,4.7.3081.0
mageui.exe,Microsoft® .NET Framework,4.7.3081.0
mgmtclassgen.exe,Microsoft® .NET Framework,4.7.3081.0
mpgo.exe,Microsoft® Visual Studio® 12 CTP,14.7.3081.0
MSBuildTaskHost.exe,Microsoft® .NET Framework,4.7.3081.0
PEVerify.exe,Microsoft® .NET Framework,4.7.3081.0
ResGen.exe,Microsoft® .NET Framework,4.7.3081.0
SecAnnotate.exe,Microsoft® .NET Framework,4.7.3081.0
sgen.exe,Microsoft® .NET Framework,4.7.3081.0
sn.exe,Microsoft® .NET Framework,4.7.3081.0
SqlMetal.exe,Microsoft® .NET Framework,4.7.3081.0
StoreAdm.exe,Microsoft® .NET Framework,4.7.3081.0
SvcConfigEditor.exe,Microsoft® .NET Framework,4.7.3081.0
SvcTraceViewer.exe,Microsoft® .NET Framework,4.7.3081.0
SvcUtil.exe,Microsoft® .NET Framework,4.7.3081.0
TlbExp.exe,Microsoft® .NET Framework,4.7.3081.0
TlbImp.exe,Microsoft® .NET Framework,4.7.3081.0
Tracker.exe,Microsoft® .NET Framework,14.7.3081.0
WCA.exe,Microsoft® .NET Framework,4.7.3081.0
WFC.exe,Microsoft® .NET Framework,4.7.3081.0
WinMDExp.exe,Microsoft® .NET Framework,4.7.3081.0
WinRes.exe,Microsoft® .NET Framework,4.7.3081.0
wsdl.exe,Microsoft® .NET Framework,4.7.3081.0
xsd.exe,Microsoft® .NET Framework,4.7.3081.0
xsltc.exe,Microsoft® .NET Framework,4.7.3081.0
al.exe,Microsoft® .NET Framework,14.7.3081.0
AxImp.exe,Microsoft® .NET Framework,4.7.3081.0
clrver.exe,Microsoft® .NET Framework,4.7.3081.0
CorFlags.exe,Microsoft® .NET Framework,4.7.3081.0
disco.exe,Microsoft® .NET Framework,4.7.3081.0
FUSLOGVW.exe,Microsoft® .NET Framework,4.7.3081.0
gacutil.exe,Microsoft® .NET Framework,4.7.3081.0
ildasm.exe,Microsoft® .NET Framework,4.7.3081.0
lc.exe,Microsoft® .NET Framework,4.7.3081.0
MSBuildTaskHost.exe,Microsoft® .NET Framework,4.7.3081.0
PEVerify.exe,Microsoft® .NET Framework,4.7.3081.0
sgen.exe,Microsoft® .NET Framework,4.7.3081.0
sn.exe,Microsoft® .NET Framework,4.7.3081.0
SvcUtil.exe,Microsoft® .NET Framework,4.7.3081.0
TlbExp.exe,Microsoft® .NET Framework,4.7.3081.0
TlbImp.exe,Microsoft® .NET Framework,4.7.3081.0
Tracker.exe,Microsoft® .NET Framework,14.7.3081.0
wsdl.exe,Microsoft® .NET Framework,4.7.3081.0
xsd.exe,Microsoft® .NET Framework,4.7.3081.0
CodeCoverage.exe,Microsoft® Visual Studio®,16.0.28223.3002
SqlExpressChk.exe,Microsoft SQL Server,2014.120.2000.8
SqlExpressChk.exe,Microsoft SQL Server,2014.120.2000.8
signtool.exe,Microsoft® Windows® Operating System,10.0.10586.212
AzureStorageEmulator.exe,,5.10.19227.2113
ACCICONS.EXE,2007 Microsoft Office system,12.0.6697.5000
CLVIEW.EXE,Microsoft Office Help Viewer,12.0.6606.1000
CNFNOT32.EXE,Microsoft Office Outlook,12.0.6776.5000
DSSM.EXE,Microsoft Office Document Update Utility,12.0.6606.1000
EXCEL.EXE,2007 Microsoft Office system,12.0.6787.5000
excelcnv.exe,2007 Microsoft Office system,12.0.6787.5000
GRAPH.EXE,2007 Microsoft Office system,12.0.6658.5004
INFOPATH.EXE,Microsoft Office InfoPath,12.0.6735.5000
MSACCESS.EXE,2007 Microsoft Office system,12.0.6735.5000
MSOHTMED.EXE,2007 Microsoft Office system,12.0.6500.5000
MSPUB.EXE,2007 Microsoft Office system,12.0.6780.5000
MSQRY32.EXE,2007 Microsoft Office system,12.0.6606.1000
MSTORDB.EXE,Microsoft Clip Organizer,12.0.6713.5000
MSTORE.EXE,Microsoft Clip Organizer,12.0.6713.5000
OIS.EXE,Microsoft Office Picture Manager,12.0.6606.1000
OUTLOOK.EXE,Microsoft Office Outlook,12.0.6785.5000
POWERPNT.EXE,2007 Microsoft Office system,12.0.6775.5000
PPTVIEW.EXE,2007 Microsoft Office system,12.0.6654.5000
REGFORM.EXE,Microsoft Office InfoPath,12.0.6650.5000
SCANOST.EXE,Microsoft Office Outlook,12.0.6650.5000
SCANPST.EXE,Microsoft Office Outlook,12.0.6650.5000
SELFCERT.EXE,SelfCert,12.0.6606.1000
SETLANG.EXE,2007 Microsoft Office system,12.0.6606.1000
VPREVIEW.EXE,2007 Microsoft Office system,12.0.6600.1000
WINWORD.EXE,2007 Microsoft Office system,12.0.6787.5000
Wordconv.exe,2007 Microsoft Office system,12.0.6500.5000
KeePass.exe,KeePass,2.44.0.0
ShInstUtil.exe,ShInstUtil - KeePass Helper Utility,2.44.0.0
unins000.exe,,51.1052.0.0
ExtExport.exe,Internet Explorer,11.0.18362.1
ieinstal.exe,Internet Explorer,11.0.18362.1
ielowutil.exe,Internet Explorer,11.0.18362.1
iexplore.exe,Internet Explorer,11.0.18362.1
Devcon.exe,Microsoft® Windows® Operating System,6.2.8171.0
Compil32.exe,Inno Setup,0.0.0.0
ISCC.exe,Inno Setup,0.0.0.0
unins000.exe,,51.1052.0.0
MyProg-x64.exe,My Program,1.5.0.0
MyProg.exe,My Program,1.5.0.0
appcmd.exe,Internet Information Services,10.0.18362.1
iisexpress.exe,Internet Information Services,10.0.18362.1
IisExpressAdminCmd.exe,IISExpressAdminCmd,7.1.3203.943
iisexpresstray.exe,Microsoft® Web Platform Extensions,7.1.3203.945
msdeploy.exe,MSDeploy,7.1.2606.1208
Check_Kill.exe,Check_Kill,1.0.0.0
Check_Live.exe,Check_Live,1.0.0.0
GvLedServices.exe,TODO: <Product name>,1.0.0.1
RGBFusion.exe,RGBFusion,1.0.0.0
RunLed.exe,RunLed,1.0.0.0
SelLed.exe,SelLed,1.0.0.0
SelLedV2.exe,SelLedV2,1.0.0.0
spddump.exe,SPDDump Application,1.0.0.1
Uninstall.exe,Uninstall,1.0.0.0
Uninstall_Service.exe,Uninstall_Service,1.0.0.0
vcredist_x86.exe,Microsoft Visual C++ 2008 Redistributable,9.0.30729.17
VgaModel.exe,vgamodel Application,1.0.1.1
XTREMEENGINE.exe,XTREME ENGINE FORCE,1.0.0.1
UTHardwareMonitorCmd.exe,SIV,8.0.0.0
AacDDRSetup.exe,ENE RGB HAL,1.0.9.0
AacSetup.exe,ENE_EHD_HAL,1.0.2.0
ATIWinflash.exe,amdvbflashWin Application,2.2.0.0
DFUICOM.EXE,2007 Microsoft Office system,12.0.6606.1000
VsImmersiveActivateHelper.exe,Microsoft® Visual Studio®,16.0.98.0
OSE.EXE,Office Source Engine,12.0.6413.1000
SmartTagInstall.exe,2007 Microsoft Office system,12.0.6425.1000
clientshutdown3.exe,Microsoft® Windows® Operating System,16.0.29428.189
CMAccept3.exe,Microsoft® Windows® Operating System,16.0.29428.189
ConmanClient3.exe,Microsoft® Windows® Operating System,16.0.29428.189
clientshutdown3.exe,Microsoft® Windows® Operating System,16.0.29428.189
CMAccept3.exe,Microsoft® Windows® Operating System,16.0.29428.189
ConmanClient3.exe,Microsoft® Windows® Operating System,16.0.29428.189
ACECNFLT.EXE,2007 Microsoft Office system,12.0.6650.5000
MSE7.EXE,2007 Microsoft Office system,12.0.6606.1000
MSOICONS.EXE,2007 Microsoft Office system,12.0.6413.1000
MSOXMLED.EXE,Microsoft Office InfoPath,12.0.4518.1014
ODSERV.EXE,Office Diagnostics Service,12.0.6606.1000
OFFDIAG.EXE,Office Diagnostics,12.0.6606.1000
ODEPLOY.EXE,2007 Microsoft Office system,12.0.6500.5000
SETUP.EXE,Microsoft Setup Bootstrapper,12.0.6606.1000
msinfo32.exe,Microsoft® Windows® Operating System,6.2.18362.1
OINFOP12.EXE,2007 Microsoft Office system,12.0.4518.1014
VSLauncher.exe,Microsoft® Visual Studio®,16.0.29709.11
pipanel.exe,Microsoft® Windows® Operating System,6.2.18362.1
TabTip32.exe,Microsoft® Windows® Operating System,6.2.18362.1
DW20.EXE,Microsoft Application Error Reporting,12.0.6606.1000
DWTRIG20.EXE,Watson Subscriber for SENS Network Notifications,12.0.6606.1000
ColorCop.exe,Color Cop,5.4.2.0
unins000.exe,Inno Setup,51.43.0.0
Checkbook.exe,Checkbook,1.0.0.0
unins000.exe,,51.1052.0.0
CCC.exe,Radeon Additional Settings,4.5.0.0
CCCInstall.exe,Catalyst� Control Center,4.5.7321.27173
CLI.exe,Radeon Additional Settings,4.5.0.0
LOG.exe,Radeon Additional Settings,4.5.0.0
MOM.exe,Radeon Additional Settings,4.5.0.0
slsnotify.exe,Catalyst® Control Centre,1.0.0.1
SLSTaskbar.exe,Catalyst® Control Centre,1.0.0.1
SLSTaskbar64.exe,Catalyst® Control Centre,1.0.0.1
dpinst.exe,Driver Package Installer (DPInst),2.1.0.0
dpinst64.exe,Driver Package Installer (DPInst),2.1.0.0
dpinst.exe,Driver Package Installer (DPInst),2.1.0.0
dpinst64.exe,Driver Package Installer (DPInst),2.1.0.0
dpinst.exe,Driver Package Installer (DPInst),2.1.0.0
dpinst64.exe,Driver Package Installer (DPInst),2.1.0.0
dpinst.exe,Driver Package Installer (DPInst),2.1.0.0
dpinst64.exe,Driver Package Installer (DPInst),2.1.0.0
dpinst.exe,Driver Package Installer (DPInst),2.1.0.0
dpinst64.exe,Driver Package Installer (DPInst),2.1.0.0
dpinst.exe,Driver Package Installer (DPInst),2.1.0.0
dpinst64.exe,Driver Package Installer (DPInst),2.1.0.0
dpinst.exe,Driver Package Installer (DPInst),2.1.0.0
dpinst64.exe,Driver Package Installer (DPInst),2.1.0.0
dpinst.exe,Driver Package Installer (DPInst),2.1.0.0
dpinst64.exe,Driver Package Installer (DPInst),2.1.0.0
dpinst.exe,Driver Package Installer (DPInst),2.1.0.0
dpinst64.exe,Driver Package Installer (DPInst),2.1.0.0
dpinst.exe,Driver Package Installer (DPInst),2.1.0.0
dpinst64.exe,Driver Package Installer (DPInst),2.1.0.0
AMDPPMSettings.exe,AMD PPM Settings,5.0.0.0
dpinst.exe,Driver Package Installer (DPInst),2.1.0.0
dpinst64.exe,Driver Package Installer (DPInst),2.1.0.0
dpinst64.exe,Driver Package Installer (DPInst),2.1.0.0
dpinst64.exe,Driver Package Installer (DPInst),2.1.0.0
dpinst.exe,Driver Package Installer (DPInst),2.1.0.0
dpinst64.exe,Driver Package Installer (DPInst),2.1.0.0
dpinst.exe,Driver Package Installer (DPInst),2.1.0.0
dpinst64.exe,Driver Package Installer (DPInst),2.1.0.0
dpinst.exe,Driver Package Installer (DPInst),2.1.0.0
dpinst64.exe,Driver Package Installer (DPInst),2.1.0.0
dpinst64.exe,Driver Package Installer (DPInst),2.1.0.0
dpinst.exe,Driver Package Installer (DPInst),2.1.0.0
dpinst64.exe,Driver Package Installer (DPInst),2.1.0.0
dpinst.exe,Driver Package Installer (DPInst),2.1.0.0
dpinst64.exe,Driver Package Installer (DPInst),2.1.0.0
dpinst.exe,Driver Package Installer (DPInst),2.1.0.0
dpinst64.exe,Driver Package Installer (DPInst),2.1.0.0
dpinst.exe,Driver Package Installer (DPInst),2.1.0.0
dpinst64.exe,Driver Package Installer (DPInst),2.1.0.0
BrowserCore.exe,Microsoft® Windows® Operating System,6.2.18362.1
ImagingDevices.exe,Microsoft® Windows® Operating System,6.2.18362.1
wordpad.exe,Microsoft® Windows® Operating System,6.2.18362.267
setup_wm.exe,Microsoft® Windows® Operating System,12.0.18362.1
wmlaunch.exe,Microsoft® Windows® Operating System,12.0.18362.1
wmpconfig.exe,Microsoft® Windows® Operating System,12.0.18362.1
wmplayer.exe,Microsoft® Windows® Operating System,12.0.18362.1
wmpnetwk.exe,Microsoft® Windows® Operating System,12.0.18362.1
wmpnscfg.exe,Microsoft® Windows® Operating System,12.0.18362.1
wmprph.exe,Microsoft® Windows® Operating System,12.0.18362.1
wmpshare.exe,Microsoft® Windows® Operating System,12.0.18362.1
wab.exe,Microsoft® Windows® Operating System,6.2.18362.1
wabmig.exe,Microsoft® Windows® Operating System,6.2.18362.1
MsSense.exe,Microsoft® Windows® Operating System,10.6930.18362.329
SenseCncProxy.exe,Microsoft® Windows® Operating System,10.6930.18362.329
SenseIR.exe,Microsoft® Windows® Operating System,10.6930.18362.329
SenseSampleUploader.exe,Microsoft® Windows® Operating System,10.6930.18362.329
SenseCE.exe,Microsoft® Windows® Operating System,10.6930.18362.329
ConfigSecurityPolicy.exe,Microsoft® Windows® Operating System,4.18.18362.1
MpCmdRun.exe,Microsoft® Windows® Operating System,4.18.1902.5
MsMpEng.exe,Microsoft® Windows® Operating System,4.18.1902.5
NisSrv.exe,Microsoft® Windows® Operating System,4.18.1902.5
OfflineScannerShell.exe,Microsoft® Windows® Operating System,4.18.18362.1
vlc-cache-gen.exe,VLC media player,3.0.8.0
vlc.exe,VLC media player,3.0.8.0
tiled.exe,Tiled,1.0.0.0
crashreporter.exe,Firefox,72.0.2.7321
firefox.exe,Firefox,72.0.2.7321
maintenanceservice.exe,Firefox,72.0.2.7321
maintenanceservice_installer.exe,Firefox,1.0.0.0
minidump-analyzer.exe,Firefox,72.0.2.7321
pingsender.exe,Firefox,72.0.2.7321
plugin-container.exe,Firefox,72.0.2.7321
plugin-hang-ui.exe,Firefox,72.0.2.7321
updater.exe,Firefox,72.0.2.7321
helper.exe,Firefox,1.0.0.0
bcp.exe,Microsoft SQL Server,2019.150.1300.359
SQLCMD.EXE,Microsoft SQL Server,2019.150.1300.359
sqlwriter.exe,Microsoft SQL Server,2015.130.1601.5
SqlLocalDB.exe,Microsoft SQL Server,2015.130.1601.5
SqlDumper.exe,Microsoft SQL Server,2015.130.1601.5
sqlservr.exe,Microsoft SQL Server,2015.130.4001.0
csmonitor.exe,Windows Azure SDK,2.9.6496.25
csrun.exe,Windows Azure SDK,2.9.6496.25
DFUI.exe,Windows Azure SDK,2.9.6496.25
DevFC.exe,Windows© Azure®,1.0.3996.465
DFAgent.exe,Microsoft® Windows® Operating System,1.0.3996.465
DFInit.exe,Windows Azure SDK,2.9.6496.25
dfMonitor.exe,Windows Azure SDK,2.9.6496.25
DFService.exe,Windows Azure SDK,2.9.6496.25
DFUI.exe,Windows Azure SDK,2.9.6496.25
IISConfigurator.exe,Windows Azure Runtime,2.7.1198.768
csencrypt.exe,Windows Azure SDK,2.9.6496.25
cspack.exe,Windows Azure SDK,2.9.6496.25
IISConfigurator.exe,Windows Azure Runtime,2.7.1198.768
WaHostBootstrapper.exe,Windows Azure SDK,2.7.1198.768
WaIISHost.exe,Windows Azure Runtime,2.7.1198.768
WaWorkerHost.exe,Windows Azure Runtime,2.7.1198.768
IISConfigurator.exe,Windows Azure Runtime,2.7.1198.768
WaHostBootstrapper.exe,Windows Azure SDK,2.7.1198.768
WaIISHost.exe,Windows Azure Runtime,2.7.1198.768
WaWorkerHost.exe,Windows Azure Runtime,2.7.1198.768
IISConfigurator.exe,Windows Azure Runtime,2.7.1198.768
WaHostBootstrapper.exe,Windows Azure SDK,2.7.1198.768
WaIISHost.exe,Windows Azure Runtime,2.7.1198.768
WaWorkerHost.exe,Windows Azure Runtime,2.7.1198.768
IISConfigurator.exe,Windows Azure Runtime,2.7.1198.768
WaHostBootstrapper.exe,Windows Azure SDK,2.7.1198.768
WaIISHost.exe,Windows Azure Runtime,2.7.1198.768
WaWorkerHost.exe,Windows Azure Runtime,2.7.1198.768
WebpiCmd.exe,Microsoft Web Platform Extensions,7.1.50430.0
RuntimeRestServer.exe,Windows Azure Runtime,2.7.1198.768
RemoteAccessAgent.exe,Windows Azure SDK,2.9.6496.25
DiagnosticsPlugin.exe,,33.1.5.0
DiagnosticsPluginLauncher.exe,,33.1.5.0
AgentCore.exe,Microsoft® CoReXT,33.1.5.0
cabarc.exe,Microsoft® Windows® Operating System,6.1.7600.16385
MonAgentHost.exe,Microsoft® CoReXT,33.1.5.0
MonAgentLauncher.exe,Microsoft® CoReXT,33.1.5.0
MonAgentManager.exe,Microsoft® CoReXT,33.1.5.0
table2csv.exe,Microsoft® CoReXT,33.1.5.0
ApplicationInsightsExtension.exe,,33.1.5.0
lghub.exe,LGHUB,2019.8.24330.0
lghub_agent.exe,LGHUB Agent,2019.8.24330.0
lghub_updater.exe,LGHUB Updater,2019.8.24330.0
ExtExport.exe,Internet Explorer,11.0.18362.1
iediagcmd.exe,Internet Explorer,11.0.18362.628
ieinstal.exe,Internet Explorer,11.0.18362.1
ielowutil.exe,Internet Explorer,11.0.18362.1
iexplore.exe,Internet Explorer,11.0.18362.1
appcmd.exe,Internet Information Services,10.0.18362.1
iisexpress.exe,Internet Information Services,10.0.18362.1
IisExpressAdminCmd.exe,IISExpressAdminCmd,7.1.3203.1025
iisexpresstray.exe,Microsoft® Web Platform Extensions,7.1.3203.1027
msdeploy.exe,MSDeploy,7.1.2606.1254
git-bash.exe,,2.23.0.1
git-cmd.exe,,2.23.0.1
unins000.exe,,51.1052.0.0
envsubst.exe,gettext utilities,0.19.8.0
gettext.exe,gettext utilities,0.19.8.0
mintty.exe,mintty,3.0.2.0
ngettext.exe,gettext utilities,0.19.8.0
openssl.exe,The OpenSSL Toolkit,1.1.1.3
compat-bash.exe,,2.23.0.1
git-wrapper.exe,,2.23.0.1
git-add.exe,,2.23.0.1
git-am.exe,,2.23.0.1
git-annotate.exe,,2.23.0.1
git-apply.exe,,2.23.0.1
git-archive.exe,,2.23.0.1
git-askpass.exe,Askpass Utility for Windows command line interface.,1.19.0.0
git-bisect--helper.exe,,2.23.0.1
git-blame.exe,,2.23.0.1
git-branch.exe,,2.23.0.1
git-bundle.exe,,2.23.0.1
git-cat-file.exe,,2.23.0.1
git-check-attr.exe,,2.23.0.1
git-check-ignore.exe,,2.23.0.1
git-check-mailmap.exe,,2.23.0.1
git-check-ref-format.exe,,2.23.0.1
git-checkout-index.exe,,2.23.0.1
git-checkout.exe,,2.23.0.1
git-cherry-pick.exe,,2.23.0.1
git-cherry.exe,,2.23.0.1
git-clean.exe,,2.23.0.1
git-clone.exe,,2.23.0.1
git-column.exe,,2.23.0.1
git-commit-graph.exe,,2.23.0.1
git-commit-tree.exe,,2.23.0.1
git-commit.exe,,2.23.0.1
git-config.exe,,2.23.0.1
git-count-objects.exe,,2.23.0.1
git-credential-manager.exe,Git Credential Manager for Windows command line interface.,1.19.0.0
git-credential-store.exe,,2.23.0.1
git-credential.exe,,2.23.0.1
git-daemon.exe,,2.23.0.1
git-describe.exe,,2.23.0.1
git-diff-files.exe,,2.23.0.1
git-diff-index.exe,,2.23.0.1
git-diff-tree.exe,,2.23.0.1
git-diff.exe,,2.23.0.1
git-difftool.exe,,2.23.0.1
git-env--helper.exe,,2.23.0.1
git-fast-export.exe,,2.23.0.1
git-fast-import.exe,,2.23.0.1
git-fetch-pack.exe,,2.23.0.1
git-fetch.exe,,2.23.0.1
git-fmt-merge-msg.exe,,2.23.0.1
git-for-each-ref.exe,,2.23.0.1
git-format-patch.exe,,2.23.0.1
git-fsck-objects.exe,,2.23.0.1
git-fsck.exe,,2.23.0.1
git-gc.exe,,2.23.0.1
git-get-tar-commit-id.exe,,2.23.0.1
git-grep.exe,,2.23.0.1
git-hash-object.exe,,2.23.0.1
git-help.exe,,2.23.0.1
git-http-backend.exe,,2.23.0.1
git-http-fetch.exe,,2.23.0.1
git-http-push.exe,,2.23.0.1
git-imap-send.exe,,2.23.0.1
git-index-pack.exe,,2.23.0.1
git-init-db.exe,,2.23.0.1
git-init.exe,,2.23.0.1
git-interpret-trailers.exe,,2.23.0.1
git-log.exe,,2.23.0.1
git-ls-files.exe,,2.23.0.1
git-ls-remote.exe,,2.23.0.1
git-ls-tree.exe,,2.23.0.1
git-mailinfo.exe,,2.23.0.1
git-mailsplit.exe,,2.23.0.1
git-merge-base.exe,,2.23.0.1
git-merge-file.exe,,2.23.0.1
git-merge-index.exe,,2.23.0.1
git-merge-ours.exe,,2.23.0.1
git-merge-recursive.exe,,2.23.0.1
git-merge-subtree.exe,,2.23.0.1
git-merge-tree.exe,,2.23.0.1
git-merge.exe,,2.23.0.1
git-mktag.exe,,2.23.0.1
git-mktree.exe,,2.23.0.1
git-multi-pack-index.exe,,2.23.0.1
git-mv.exe,,2.23.0.1
git-name-rev.exe,,2.23.0.1
git-notes.exe,,2.23.0.1
git-pack-objects.exe,,2.23.0.1
git-pack-redundant.exe,,2.23.0.1
git-pack-refs.exe,,2.23.0.1
git-patch-id.exe,,2.23.0.1
git-prune-packed.exe,,2.23.0.1
git-prune.exe,,2.23.0.1
git-pull.exe,,2.23.0.1
git-push.exe,,2.23.0.1
git-range-diff.exe,,2.23.0.1
git-read-tree.exe,,2.23.0.1
git-rebase.exe,,2.23.0.1
git-receive-pack.exe,,2.23.0.1
git-reflog.exe,,2.23.0.1
git-remote-ext.exe,,2.23.0.1
git-remote-fd.exe,,2.23.0.1
git-remote-ftp.exe,,2.23.0.1
git-remote-ftps.exe,,2.23.0.1
git-remote-http.exe,,2.23.0.1
git-remote-https.exe,,2.23.0.1
git-remote.exe,,2.23.0.1
git-repack.exe,,2.23.0.1
git-replace.exe,,2.23.0.1
git-rerere.exe,,2.23.0.1
git-reset.exe,,2.23.0.1
git-restore.exe,,2.23.0.1
git-rev-list.exe,,2.23.0.1
git-rev-parse.exe,,2.23.0.1
git-revert.exe,,2.23.0.1
git-rm.exe,,2.23.0.1
git-send-pack.exe,,2.23.0.1
git-sh-i18n--envsubst.exe,,2.23.0.1
git-shortlog.exe,,2.23.0.1
git-show-branch.exe,,2.23.0.1
git-show-index.exe,,2.23.0.1
git-show-ref.exe,,2.23.0.1
git-show.exe,,2.23.0.1
git-stage.exe,,2.23.0.1
git-stash.exe,,2.23.0.1
git-status.exe,,2.23.0.1
git-stripspace.exe,,2.23.0.1
git-submodule--helper.exe,,2.23.0.1
git-switch.exe,,2.23.0.1
git-symbolic-ref.exe,,2.23.0.1
git-tag.exe,,2.23.0.1
git-unpack-file.exe,,2.23.0.1
git-unpack-objects.exe,,2.23.0.1
git-update-index.exe,,2.23.0.1
git-update-ref.exe,,2.23.0.1
git-update-server-info.exe,,2.23.0.1
git-upload-archive.exe,,2.23.0.1
git-upload-pack.exe,,2.23.0.1
git-var.exe,,2.23.0.1
git-verify-commit.exe,,2.23.0.1
git-verify-pack.exe,,2.23.0.1
git-verify-tag.exe,,2.23.0.1
git-whatchanged.exe,,2.23.0.1
git-worktree.exe,,2.23.0.1
git-write-tree.exe,,2.23.0.1
git.exe,,2.23.0.1
GitHub.Authentication.exe,GitHub.Authentication,1.5.0.0
envsubst.exe,gettext utilities,0.19.8.0
gettext.exe,gettext utilities,0.19.8.0
git-lfs.exe,,2.8.0.0
git-receive-pack.exe,,2.23.0.1
git-upload-archive.exe,,2.23.0.1
git-upload-pack.exe,,2.23.0.1
git.exe,,2.23.0.1
lzmadec.exe,XZ Utils <https://tukaani.org/xz/>,5.2.4.0
lzmainfo.exe,XZ Utils <https://tukaani.org/xz/>,5.2.4.0
openssl.exe,The OpenSSL Toolkit,1.1.1.3
recode-sr-latin.exe,gettext utilities,0.19.8.0
tclsh.exe,Tcl 8.6 for Windows,8.6.2.9
tclsh86.exe,Tcl 8.6 for Windows,8.6.2.9
unxz.exe,XZ Utils <https://tukaani.org/xz/>,5.2.4.0
wish.exe,Tk 8.6 for Windows,8.6.2.9
wish86.exe,Tk 8.6 for Windows,8.6.2.9
xz.exe,XZ Utils <https://tukaani.org/xz/>,5.2.4.0
xzcat.exe,XZ Utils <https://tukaani.org/xz/>,5.2.4.0
xzdec.exe,XZ Utils <https://tukaani.org/xz/>,5.2.4.0
git-gui.exe,,2.23.0.1
git-lfs.exe,,2.23.0.1
git.exe,,2.23.0.1
gitk.exe,,2.23.0.1
bash.exe,,2.23.0.1
git.exe,,2.23.0.1
sh.exe,,2.23.0.1
unins000.exe,,51.1052.0.0
web-page.exe,GNU Image Manipulation Program,2.10.14.0
web-browser.exe,GNU Image Manipulation Program,2.10.14.0
wavelet-decompose.exe,GNU Image Manipulation Program,2.10.14.0
warp.exe,GNU Image Manipulation Program,2.10.14.0
van-gogh-lic.exe,GNU Image Manipulation Program,2.10.14.0
unit-editor.exe,GNU Image Manipulation Program,2.10.14.0
twain.exe,GNU Image Manipulation Program,2.10.14.0
tile-small.exe,GNU Image Manipulation Program,2.10.14.0
tile.exe,GNU Image Manipulation Program,2.10.14.0
sphere-designer.exe,GNU Image Manipulation Program,2.10.14.0
sparkle.exe,GNU Image Manipulation Program,2.10.14.0
softglow.exe,GNU Image Manipulation Program,2.10.14.0
smooth-palette.exe,GNU Image Manipulation Program,2.10.14.0
sharpen.exe,GNU Image Manipulation Program,2.10.14.0
selection-to-path.exe,GNU Image Manipulation Program,2.10.14.0
script-fu.exe,GNU Image Manipulation Program,2.10.14.0
screenshot.exe,SeteraSoft snappy,1.0.0.1
sample-colorize.exe,GNU Image Manipulation Program,2.10.14.0
qbist.exe,GNU Image Manipulation Program,2.10.14.0
procedure-browser.exe,GNU Image Manipulation Program,2.10.14.0
print.exe,GNU Image Manipulation Program,2.10.14.0
plugin-browser.exe,GNU Image Manipulation Program,2.10.14.0
photocopy.exe,GNU Image Manipulation Program,2.10.14.0
pagecurl.exe,GNU Image Manipulation Program,2.10.14.0
nl-filter.exe,GNU Image Manipulation Program,2.10.14.0
metadata-viewer.exe,GNU Image Manipulation Program,2.10.14.0
metadata-editor.exe,GNU Image Manipulation Program,2.10.14.0
max-rgb.exe,GNU Image Manipulation Program,2.10.14.0
map-object.exe,GNU Image Manipulation Program,2.10.14.0
lighting.exe,GNU Image Manipulation Program,2.10.14.0
jigsaw.exe,GNU Image Manipulation Program,2.10.14.0
ifs-compose.exe,GNU Image Manipulation Program,2.10.14.0
hot.exe,GNU Image Manipulation Program,2.10.14.0
help-browser.exe,GNU Image Manipulation Program,2.10.14.0
help.exe,GNU Image Manipulation Program,2.10.14.0
guillotine.exe,GNU Image Manipulation Program,2.10.14.0
grid.exe,GNU Image Manipulation Program,2.10.14.0
gradient-map.exe,GNU Image Manipulation Program,2.10.14.0
gradient-flare.exe,GNU Image Manipulation Program,2.10.14.0
goat-exercise.exe,GNU Image Manipulation Program,2.10.14.0
gimpressionist.exe,GNU Image Manipulation Program,2.10.14.0
gfig.exe,GNU Image Manipulation Program,2.10.14.0
fractal-trace.exe,GNU Image Manipulation Program,2.10.14.0
fractal-explorer.exe,GNU Image Manipulation Program,2.10.14.0
flame.exe,GNU Image Manipulation Program,2.10.14.0
filter-pack.exe,GNU Image Manipulation Program,2.10.14.0
film.exe,GNU Image Manipulation Program,2.10.14.0
file-xwd.exe,GNU Image Manipulation Program,2.10.14.0
file-xpm.exe,GNU Image Manipulation Program,2.10.14.0
file-xbm.exe,GNU Image Manipulation Program,2.10.14.0
file-wmf.exe,GNU Image Manipulation Program,2.10.14.0
file-webp.exe,GNU Image Manipulation Program,2.10.14.0
file-tiff.exe,GNU Image Manipulation Program,2.10.14.0
file-tga.exe,GNU Image Manipulation Program,2.10.14.0
file-svg.exe,GNU Image Manipulation Program,2.10.14.0
file-sunras.exe,GNU Image Manipulation Program,2.10.14.0
file-sgi.exe,GNU Image Manipulation Program,2.10.14.0
file-raw-data.exe,GNU Image Manipulation Program,2.10.14.0
file-psp.exe,GNU Image Manipulation Program,2.10.14.0
file-psd.exe,GNU Image Manipulation Program,2.10.14.0
file-ps.exe,GNU Image Manipulation Program,2.10.14.0
file-pnm.exe,GNU Image Manipulation Program,2.10.14.0
file-png.exe,GNU Image Manipulation Program,2.10.14.0
file-pix.exe,GNU Image Manipulation Program,2.10.14.0
file-pdf-save.exe,GNU Image Manipulation Program,2.10.14.0
file-pdf-load.exe,GNU Image Manipulation Program,2.10.14.0
file-pcx.exe,GNU Image Manipulation Program,2.10.14.0
file-pat.exe,GNU Image Manipulation Program,2.10.14.0
file-mng.exe,GNU Image Manipulation Program,2.10.14.0
file-jpeg.exe,GNU Image Manipulation Program,2.10.14.0
file-jp2-load.exe,GNU Image Manipulation Program,2.10.14.0
file-ico.exe,GNU Image Manipulation Program,2.10.14.0
file-html-table.exe,GNU Image Manipulation Program,2.10.14.0
file-heif.exe,GNU Image Manipulation Program,2.10.14.0
file-header.exe,GNU Image Manipulation Program,2.10.14.0
file-glob.exe,GNU Image Manipulation Program,2.10.14.0
file-gih.exe,GNU Image Manipulation Program,2.10.14.0
file-gif-save.exe,GNU Image Manipulation Program,2.10.14.0
file-gif-load.exe,GNU Image Manipulation Program,2.10.14.0
file-gegl.exe,GNU Image Manipulation Program,2.10.14.0
file-gbr.exe,GNU Image Manipulation Program,2.10.14.0
file-fli.exe,GNU Image Manipulation Program,2.10.14.0
file-fits.exe,GNU Image Manipulation Program,2.10.14.0
file-faxg3.exe,GNU Image Manipulation Program,2.10.14.0
file-dicom.exe,GNU Image Manipulation Program,2.10.14.0
file-desktop-link.exe,GNU Image Manipulation Program,2.10.14.0
file-dds.exe,GNU Image Manipulation Program,2.10.14.0
file-csource.exe,GNU Image Manipulation Program,2.10.14.0
file-compressor.exe,GNU Image Manipulation Program,2.10.14.0
file-cel.exe,GNU Image Manipulation Program,2.10.14.0
file-bmp.exe,GNU Image Manipulation Program,2.10.14.0
emboss.exe,GNU Image Manipulation Program,2.10.14.0
edge-dog.exe,GNU Image Manipulation Program,2.10.14.0
destripe.exe,GNU Image Manipulation Program,2.10.14.0
despeckle.exe,GNU Image Manipulation Program,2.10.14.0
depth-merge.exe,GNU Image Manipulation Program,2.10.14.0
decompose.exe,GNU Image Manipulation Program,2.10.14.0
curve-bend.exe,GNU Image Manipulation Program,2.10.14.0
crop-zealous.exe,GNU Image Manipulation Program,2.10.14.0
contrast-retinex.exe,GNU Image Manipulation Program,2.10.14.0
compose.exe,GNU Image Manipulation Program,2.10.14.0
colormap-remap.exe,GNU Image Manipulation Program,2.10.14.0
colorify.exe,GNU Image Manipulation Program,2.10.14.0
color-enhance.exe,GNU Image Manipulation Program,2.10.14.0
color-cube-analyze.exe,GNU Image Manipulation Program,2.10.14.0
cml-explorer.exe,GNU Image Manipulation Program,2.10.14.0
checkerboard.exe,GNU Image Manipulation Program,2.10.14.0
cartoon.exe,GNU Image Manipulation Program,2.10.14.0
busy-dialog.exe,GNU Image Manipulation Program,2.10.14.0
border-average.exe,GNU Image Manipulation Program,2.10.14.0
blur.exe,GNU Image Manipulation Program,2.10.14.0
blinds.exe,GNU Image Manipulation Program,2.10.14.0
animation-play.exe,GNU Image Manipulation Program,2.10.14.0
animation-optimize.exe,GNU Image Manipulation Program,2.10.14.0
align-layers.exe,GNU Image Manipulation Program,2.10.14.0
gimp-2.10.exe,GNU Image Manipulation Program,2.10.14.0
gimp-console-2.10.exe,GNU Image Manipulation Program,2.10.14.0
dotnet.exe,Microsoft® .NET Framework,3.100.119.60804
dotnet-aspnet-codegenerator-design.exe,dotnet-aspnet-codegenerator-design,2.1.7.18340
dotnet-aspnet-codegenerator-design.exe,dotnet-aspnet-codegenerator-design,2.1.7.18340
dotnet-aspnet-codegenerator-design.exe,dotnet-aspnet-codegenerator-design,2.1.7.18340
dotnet-aspnet-codegenerator-design.exe,dotnet-aspnet-codegenerator-design,2.1.7.18340
dotnet-aspnet-codegenerator-design.exe,dotnet-aspnet-codegenerator-design,2.1.7.18340
ef.exe,Microsoft Entity Framework Core,2.1.1.18157
ef.exe,Microsoft Entity Framework Core,2.1.1.18157
Microsoft.AspNetCore.Mvc.Razor.ViewCompilation-x64.exe,Microsoft ASP.NET Core,2.1.1.18157
Microsoft.AspNetCore.Mvc.Razor.ViewCompilation-x86.exe,Microsoft ASP.NET Core,2.1.1.18157
datacollector.exe,datacollector,15.0.0.0
testhost.exe,Microsoft.TestHost,15.0.0.0
testhost.x86.exe,Microsoft.TestHost.x86,15.0.0.0
fsc.exe,fsc,10.700.19.61006
fsi.exe,fsi,10.700.19.61006
datacollector.exe,datacollector,15.0.0.0
testhost.exe,Microsoft.TestHost,15.0.0.0
testhost.x86.exe,Microsoft.TestHost.x86,15.0.0.0
fsc.exe,fsc,10.400.319.25303
fsi.exe,fsi,10.400.319.25303
ef.exe,Microsoft Entity Framework Core,2.1.11.19108
ef.exe,Microsoft Entity Framework Core,2.1.11.19108
DPInst.exe,Driver Package Installer (DPInst),2.1.0.0
MSOXMLED.EXE,Microsoft Office InfoPath,12.0.4518.1014
msinfo32.exe,Microsoft® Windows® Operating System,6.2.18362.1
InputPersonalization.exe,Microsoft® Windows® Operating System,6.2.18362.1
mip.exe,Microsoft® Windows® Operating System,6.2.18362.1
ShapeCollector.exe,Microsoft® Windows® Operating System,6.2.18362.1
TabTip.exe,Microsoft® Windows® Operating System,6.2.18362.1
Bulk Rename Utility.exe,Bulk Rename Utility,3.3.1.0
unins000.exe,,51.1052.0.0
AUEPLauncher.exe,AUEPLauncher,1.0.0.1
AUEPMaster.exe,AUEPMaster,1950.15.1.117
AUEPUF.exe,AUEPUC.exe,1.0.0.1
7z.exe,7-Zip,19.0.0.0
amdow.exe,Radeon Settings,10.1.1.1788
AMDRSServ.exe,Radeon Settings,10.1.1.1788
AMDRSSrcExt.exe,Radeon Settings,10.1.1.1788
ATISetup.exe,AMD Software,1.0.0.1
cncmd.exe,Radeon Software,8.1.1.1501
EyefinityPro.exe,AMD Eyefinity Pro,1.0.0.0
installShell64.exe,installShell,1.0.0.3
MMLoadDrv.exe,Radeon Software,8.1.1.1501
MMLoadDrvPXDiscrete.exe,Radeon Software,8.1.1.1501
QtWebEngineProcess.exe,Qt5,5.13.0.0
RadeonSoftware.exe,Radeon Software,10.1.2.1788
RSServCmd.exe,Radeon Settings,10.1.1.1788
ZipUtility.exe,ZipUtility,1.0.0.0
YoutubeAPIWrapper.exe,YoutubeAPIWrapper,1.0.0.0
YoukuWrapper.exe,YoukuWrapper,1.0.0.0
TwitterWrapperClient.exe,TwitterWrapperClient,1.0.0.0
TwitchClient.exe,,0.0.0.0
StreamableAPIWrapper.exe,StreamableAPIWrapper,1.0.0.0
SinaWeiboWrapper.exe,SinaWeiboWrapper,1.0.0.0
RestreamAPIWrapper.exe,RestreamAPIWrapper,1.0.0.0
QuanminTVWrapper.exe,QuanminTVWrapper,1.0.0.0
MixerClient.exe,MixerClient,1.0.0.0
GfycatWrapper.exe,YoukuWrapper,1.0.0.0
FacebookClient.exe,FacebookClient,1.0.0.0
7z.exe,7-Zip,19.0.0.0
AMDCleanupUtility.exe,AMD Software,1.0.0.1
AMDSplashScreen.exe,AMD Software,1.0.0.1
ATISetup.exe,AMD Software,1.0.0.1
InstallManagerApp.exe,AMD Software,1.0.0.1
RadeonInstaller.exe,AMD Software,1.0.0.1
Setup.exe,AMD Software,1.0.0.1
7z.exe,7-Zip,19.0.0.0
7zFM.exe,7-Zip,19.0.0.0
7zG.exe,7-Zip,19.0.0.0
Uninstall.exe,7-Zip,19.0.0.0
Setup.exe,AMD Software,1.0.0.1
atieclxx.exe,AMD External Events,26.20.15002.61
atiesrxx.exe,AMD External Events,26.20.15002.61
atiodcli.exe,ATIODCLI Application,26.20.15002.61
atiode.exe,ATIODE Application,26.20.15002.61
ccc2_install.exe,Radeon Settings,8.911.3.3000
vulkaninfo32.exe,Vulkan Runtime,1.1.114.0
vulkaninfo64.exe,Vulkan Runtime,1.1.114.0
VC_redist.x64.exe,Microsoft Visual C++ 2017 Redistributable (x64) - 14.14.26429,14.14.26429.4
7z.exe,7-Zip,19.0.0.0
AMDCleanupUtility.exe,AMD Software,1.0.0.1
AMDSplashScreen.exe,AMD Software,1.0.0.1
ATISetup.exe,AMD Software,1.0.0.1
InstallManagerApp.exe,AMD Installer,1.0.0.1
RadeonInstaller.exe,AMD Software,1.0.0.1
Setup.exe,AMD Software,1.0.0.1
dpinst64.exe,Driver Package Installer (DPInst),2.1.0.0
AMDPPMSettings.exe,AMD PPM Settings,5.0.0.0
dpinst64.exe,Driver Package Installer (DPInst),2.1.0.0
dpinst64.exe,Driver Package Installer (DPInst),2.1.0.0
dpinst64.exe,Driver Package Installer (DPInst),2.1.0.0
AMD_Chipset_Software.exe,AMD_Chipset_Drivers,1.11.22.454
AMD_Chipset_Drivers.exe,AMD_Chipset_Drivers,1.11.22.454
devcon.exe,Microsoft® Windows® Operating System,10.0.16190.1000
devcon.exe,Microsoft® Windows® Operating System,10.0.16190.1000
dpinst.exe,Driver Package Installer (DPInst),2.1.0.0
dpinst64.exe,Driver Package Installer (DPInst),2.1.0.0
dpinst.exe,Driver Package Installer (DPInst),2.1.0.0
dpinst64.exe,Driver Package Installer (DPInst),2.1.0.0
dpinst.exe,Driver Package Installer (DPInst),2.1.0.0
dpinst64.exe,Driver Package Installer (DPInst),2.1.0.0
dpinst.exe,Driver Package Installer (DPInst),2.1.0.0
dpinst64.exe,Driver Package Installer (DPInst),2.1.0.0
dpinst.exe,Driver Package Installer (DPInst),2.1.0.0
dpinst64.exe,Driver Package Installer (DPInst),2.1.0.0
dpinst.exe,Driver Package Installer (DPInst),2.1.0.0
dpinst64.exe,Driver Package Installer (DPInst),2.1.0.0
dpinst.exe,Driver Package Installer (DPInst),2.1.0.0
dpinst64.exe,Driver Package Installer (DPInst),2.1.0.0
dpinst.exe,Driver Package Installer (DPInst),2.1.0.0
dpinst64.exe,Driver Package Installer (DPInst),2.1.0.0
dpinst.exe,Driver Package Installer (DPInst),2.1.0.0
dpinst64.exe,Driver Package Installer (DPInst),2.1.0.0
dpinst.exe,Driver Package Installer (DPInst),2.1.0.0
dpinst64.exe,Driver Package Installer (DPInst),2.1.0.0
AMDPPMSettings.exe,AMD PPM Settings,5.0.0.0
dpinst.exe,Driver Package Installer (DPInst),2.1.0.0
dpinst64.exe,Driver Package Installer (DPInst),2.1.0.0
dpinst64.exe,Driver Package Installer (DPInst),2.1.0.0
dpinst64.exe,Driver Package Installer (DPInst),2.1.0.0
dpinst.exe,Driver Package Installer (DPInst),2.1.0.0
dpinst64.exe,Driver Package Installer (DPInst),2.1.0.0
dpinst.exe,Driver Package Installer (DPInst),2.1.0.0
dpinst64.exe,Driver Package Installer (DPInst),2.1.0.0
dpinst.exe,Driver Package Installer (DPInst),2.1.0.0
dpinst64.exe,Driver Package Installer (DPInst),2.1.0.0
dpinst64.exe,Driver Package Installer (DPInst),2.1.0.0
dpinst.exe,Driver Package Installer (DPInst),2.1.0.0
dpinst64.exe,Driver Package Installer (DPInst),2.1.0.0
dpinst.exe,Driver Package Installer (DPInst),2.1.0.0
dpinst64.exe,Driver Package Installer (DPInst),2.1.0.0
dpinst.exe,Driver Package Installer (DPInst),2.1.0.0
dpinst64.exe,Driver Package Installer (DPInst),2.1.0.0
dpinst.exe,Driver Package Installer (DPInst),2.1.0.0
dpinst64.exe,Driver Package